#OTU ID	Sample1	Sample2	Sample3	Sample4	Sample5	Sample6	Sample7	Sample8	Sample9	Sample10	Sample11	Sample12	Sample13	Sample14	Sample15	Sample16	Sample17	Sample18	Sample19	Sample20
otu_1	0.0	0.0	0.0	0.0	0.0	0.036501084	0.010273567	0.0	0.0	0.14072034	0.0	0.007745183	0.0	0.027157623	0.0	0.0	0.059698638	0.0	0.003826876	0.0
otu_2	0.0	0.020438641	0.014200064	0.011259907	0.0	0.0	0.0	0.0	0.0	0.0	0.0	0.0	0.11971314	0.056891877	0.0	0.0	0.0	0.010171195	0.103210054	0.122714415
otu_3	0.014977529	0.020459209	0.08670358	0.04673548	0.017255498	0.006021299	0.0	0.004778234	0.07525574	0.0	0.032086827	0.0	0.23544781	0.06255379	0.018923707	0.0	0.0	0.01365596	0.047210343	0.0862225
otu_4	0.0	0.09988804	0.0	0.0	0.13595968	0.1160024	0.010595356	0.0	0.0	0.11955174	0.0	0.009018463	0.0	0.053057935	0.043454137	0.019034633	0.008493323	0.017991275	0.018283196	0.00720447
otu_5	0.006892674	0.08144286	0.0	0.0	0.009134922	0.077784315	0.060772825	0.048646934	0.0	0.09403253	0.0	0.016923822	0.032261062	0.2248784	0.015038398	0.0	0.010775561	0.059034023	0.30451864	0.24794255
otu_9	0.0	0.00720644	0.11173426	0.0	0.006863981	0.0	0.0	0.0	0.036735065	0.0	0.0	0.0	0.02107749	0.0	0.0	0.0	0.0	0.0	0.0	0.0
otu_10	0.0	0.0	0.0	0.0	0.0	0.009714399	0.014649658	0.009660369	0.0	0.01757763	0.0	0.008253158	0.0	0.014888454	0.0	0.003813312	0.18376826	0.019163193	0.015063477	0.006010408
otu_12	0.0	0.008205775	0.022101581	0.0	0.030567622	0.0	0.014745713	0.11550537	0.0	0.0	0.0	0.010832581	0.01254872	0.015684886	0.009545859	0.0	0.022573613	0.022337439	0.020098178	0.022313958
otu_14	0.03816987	0.0	1.1380424	0.15851414	0.0	0.05750994	0.0	0.0	3.037251	0.015216095	0.15017183	0.0	0.0	0.0	0.040600218	0.0	0.0	0.0	0.0	0.0
otu_16	0.0	0.0	0.11338386	0.007757513	0.020246787	0.0	0.0	0.011259506	0.0	0.0	0.006014068	0.0	0.007325899	0.0	0.007845113	0.0	0.0	0.003449425	0.0	0.0
otu_19	0.0	0.0	0.0	0.025372194	0.0	0.0	0.0	0.0	0.0	0.0	0.01279567	0.0	1.096054	0.010952719	0.0	0.0	0.0	0.0	0.006840493	0.0
otu_22	0.011029152	0.037934653	0.01814533	0.016599655	0.025861043	0.018188069	0.02328836	0.026810145	0.013411774	0.019035423	0.012896694	0.00907309	0.13001643	0.06290166	0.019843454	0.0	0.008321274	0.036250874	0.07618777	0.085978635
otu_29	0.0	0.0	0.29676354	0.08932412	0.0	0.0	0.0	0.002872753	0.018162325	0.0	0.07542521	0.0	0.033287093	0.0	0.024887988	0.0	0.0	0.0	0.0	0.0
otu_31	0.0	0.038341846	0.009472129	0.006247904	0.047852788	0.012878321	0.05318897	0.042982828	0.0	0.011872586	0.004605867	0.01640335	0.028515458	0.050329957	0.040727492	0.0	0.013265685	0.086513154	0.11837853	0.15788071
otu_32	0.0	0.0	0.0	0.0	0.0	0.0	0.013575331	0.0	0.0	0.0	0.0	0.0	0.0321853	0.3106417	0.0	0.0	0.0	0.04334259	0.09851536	0.07026594
otu_38	0.0	0.0	0.015024187	0.0	0.011816263	0.0	0.0	0.14769924	0.0	0.0	0.0	0.0	0.0	0.0	0.0	0.0	0.00500448	0.0	0.0	0.0
otu_39	0.01573477	0.075425126	0.053316012	0.016504265	0.03476083	0.033921693	0.17628795	0.13639888	0.038645007	0.022426227	0.011839015	0.0	0.07977926	0.0	0.12099693	0.0	0.0	0.0	0.0	0.0
otu_40	0.0	0.0	0.007736786	0.0	0.008138454	0.0	0.015093622	0.18110521	0.0	0.0	0.0	0.009680614	0.0	0.010311821	0.0	0.0	0.006812379	0.011894146	0.0	0.0
otu_44	0.0	0.5099963	0.010137874	0.025386186	0.079995096	0.01678367	0.0	0.002389658	0.0	0.0	0.011934129	0.0	0.020073725	0.0	0.13791426	0.0	0.0	0.014883589	0.0	0.0
otu_45	0.2912438	0.020493196	0.0	0.0	0.0	0.0	0.01735884	0.008265823	0.0	0.0	0.0	0.0	0.016252458	0.031832688	0.0	0.0	0.0	0.0	0.010183539	0.010739798
otu_46	0.0	0.025726497	0.0	0.0	0.0	0.2061331	0.0	0.0	0.0	0.4278657	0.0	0.0	0.0	0.032871947	0.0	0.0	0.0	0.0	0.0	0.0
otu_48	0.0	0.0	0.0	0.0	0.0	0.0	0.009370208	0.002276015	0.0	0.0	0.0	0.0	0.16813885	0.10116645	0.0	0.0	0.0	0.010868524	0.10281986	0.0989776
otu_53	0.0	0.0	0.007994219	0.0	0.03072335	0.0	0.0	0.955861	0.0	0.0	0.0	0.0	0.0	0.0	0.0	0.0	0.007372762	0.0	0.0	0.0
otu_54	0.0	0.0	0.01040237	0.0	0.022937514	0.0	0.029552275	0.11488305	0.0	0.0	0.0	0.009666139	0.0	0.0	0.012151536	0.0	0.013456859	0.04025323	0.02086622	0.027684659
otu_55	0.0	0.013013204	0.0	0.0	0.0	0.0	0.0	0.0	0.0	0.0	0.0	0.0	0.5933118	0.008821593	0.0	0.0	0.0	0.0	0.0	0.0
otu_63	0.0	0.0	0.17045845	0.0	0.0	0.0	0.0	0.023003634	0.0	0.0	0.004906944	0.0	0.0	0.0	0.015878934	0.0	0.0	0.0	0.0	0.0
otu_66	0.0	0.034427654	0.026489606	0.0	0.072850704	0.007158327	0.18284997	0.63265496	0.0	0.00568203	0.0	0.015622783	0.024401309	0.04735656	0.03088642	0.0	0.014426852	0.1009117	0.055363227	0.062259365
otu_67	0.0	0.0	0.36670834	0.022298593	0.0	0.0	0.0	0.0	0.021560946	0.0	0.021582805	0.0	0.027779328	0.0	0.0	0.0	0.0	0.0	0.0	0.0
otu_68	0.21203922	0.06839939	0.17112842	0.1308306	0.018024165	0.013561929	0.021522403	0.05953544	0.37872854	0.005608544	0.10542239	0.011230501	0.22387129	0.022683231	0.069711044	0.0	0.0	0.05338506	0.018262932	0.039773915
otu_69	0.0	0.0	0.03295417	0.0	0.010970151	0.0	0.00644378	0.22474325	0.00629994	0.0	0.0	0.0	0.0	0.0	0.0	0.0	0.0	0.011716645	0.0	0.0
otu_70	0.0	0.041931	0.01191387	0.0	0.0	0.006131657	0.0	0.009308036	0.0	0.0	0.0	0.0	0.11028513	0.079777375	0.0	0.0	0.0	0.0	0.023611832	0.0285813
otu_71	0.0	0.0	0.0	0.012315271	0.0	0.0	0.012165924	0.1085235	0.0	0.0	0.006637917	0.004422356	0.06512974	0.014695437	0.0	0.0	0.0	0.016021345	0.023048764	0.051776536
otu_72	0.0	0.0	0.0	0.0	0.0	0.0	0.0	0.0	0.0	0.0	0.0	0.0	0.0	0.04097542	0.0	0.0	0.0	0.0	0.13606246	0.068821125
otu_73	0.0	0.031478375	0.013352796	0.009546123	0.051077254	0.010557186	0.11331645	0.12527063	0.011706287	0.01078923	0.007437849	0.042283088	0.034777746	0.055646196	0.045865335	0.005091794	0.040216103	0.1848151	0.12171012	0.15945551
otu_74	0.0	0.0	0.0	0.0	0.0	0.014249447	0.11052493	0.0	0.0	0.013137738	0.0	0.012366939	0.0	0.07127861	0.0	0.0	0.015734356	0.02981159	0.018647322	0.0
otu_77	0.0	0.028713552	0.20310397	0.046740502	0.00556848	0.004570278	0.0	0.0	0.039584953	0.0	0.03478875	0.0	0.49217436	0.015472879	0.02063195	0.0	0.0	0.006336828	0.029206496	0.13774188
otu_79	0.005124821	0.0	0.010764866	0.0	0.04010309	0.0	0.0	0.12389838	0.0	0.0	0.0	0.016541768	0.0	0.0	0.0	0.0	0.039048616	0.0	0.0	0.0
otu_80	0.0	0.0	0.0	0.0	0.011723888	0.0	0.1280996	0.01538079	0.0	0.0	0.0	0.030507768	0.0	0.05086452	0.0	0.0	0.07198367	0.11559452	0.08433744	0.06270135
otu_84	0.030417828	0.005947593	0.011544429	0.0	0.0	0.0	0.0	0.015519653	0.06235617	0.0	0.0	0.0	0.041996364	0.0	0.0	0.0	0.0	0.0	0.0	0.16966324
otu_87	0.0	0.03136124	0.035713304	0.010378883	0.016128527	0.0	0.023257924	0.06429391	0.008356937	0.0	0.005942359	0.009868755	0.13062544	0.08700286	0.014851287	0.0	0.01385884	0.14051558	0.17792302	0.18734773
otu_89	0.01169244	0.06612465	0.0	0.0	0.0	0.005065137	0.0	0.0	0.0	0.0	0.0	0.0	0.11611616	0.056462165	0.0	0.0	0.0	0.0	0.005100042	0.006412706
otu_90	0.08795439	0.0	0.09933568	0.06513022	0.0	0.02122067	0.0	0.0	0.102778	0.010951255	0.04680496	0.0	0.043708637	0.0	0.0	0.0	0.0	0.0	0.0	0.0
otu_91	0.0	0.0	0.0	0.0	0.0	0.0	0.010192359	0.22301611	0.0	0.0	0.0	0.0	0.0	0.0	0.0	0.0	0.0	0.0	0.0	0.0
otu_92	0.0	0.0	0.0	0.0	0.006738825	0.005486517	0.030862851	0.0	0.0	0.007454022	0.0	0.007212151	0.0	0.09836412	0.0	0.0	0.012345631	0.04726874	0.17776	0.112139404
otu_95	0.0	0.0	0.0	0.02925397	0.0	0.0	0.0	0.0	0.0	0.0	0.023370786	0.0	0.120423496	0.005595422	0.0	0.0	0.0	0.0	0.0	0.0
otu_97	0.0	0.0	0.0	0.01891499	0.0	0.0	0.0	0.0	0.0	0.0	0.007220116	0.0	0.36580536	0.028974555	0.0	0.0	0.0	0.0	0.01656405	0.012477604
otu_99	0.008978884	0.048663694	0.008544335	0.0	0.02665112	0.09943523	0.027813489	0.004274293	0.0	0.115345515	0.008585726	0.02747098	0.017603615	0.026745895	0.026757393	0.031332202	0.010986735	0.027416866	0.028165901	0.028582247
otu_100	0.84428775	0.0	0.005396079	0.0	0.0	0.004414713	0.0	0.0	0.0	0.0	0.0	0.0	0.05737951	0.014488596	0.0	0.0	0.0	0.0	0.004650837	0.010062942
otu_103	0.0	0.13277389	0.05630045	0.033945397	0.018904578	0.0	0.0	0.0	0.0	0.0	0.019577652	0.0	0.117572054	0.0	0.10866179	0.0	0.0	0.0	0.0	0.0
otu_107	0.0	0.009928165	0.34336987	0.029213695	0.004450772	0.0	0.0	0.0	0.061643384	0.0	0.02466834	0.0	0.20050985	0.006487093	0.0	0.0	0.0	0.006566744	0.00531459	0.018268162
otu_108	0.12174696	0.18077506	0.020397466	0.019417604	0.15697667	0.04891161	0.01417579	0.11526947	0.057334933	0.045115996	0.014552863	0.007105133	0.016413588	0.027185341	0.058182854	0.0	0.004867167	0.030703384	0.019382017	0.02070577
otu_113	0.0	0.055048455	0.25108448	0.020272685	0.0	0.006791142	0.0	0.0	0.01789757	0.0	0.011679948	0.0	1.8723258	0.5532159	0.05181225	0.0	0.0	0.0	0.0	0.0
otu_115	0.0	0.021835357	0.0	0.0	0.029000644	0.039789893	0.09782185	0.11259478	0.0	0.057727624	0.0	0.07397617	0.0	0.029946787	0.013619719	0.009904177	0.04671392	0.10209869	0.041587755	0.031939644
otu_116	0.0	0.0	0.0	0.0	0.009873326	0.0	0.11792866	0.540369	0.0	0.0	0.0	0.03321493	0.0	0.029902555	0.0	0.0	0.08123775	0.10141989	0.026604798	0.023201806
otu_118	0.0	0.031543933	0.15517476	0.2708816	0.039902337	0.013678147	0.0	0.003483926	0.25467676	0.0	0.13405749	0.006399512	0.24136512	0.0	0.078985386	0.0	0.0	0.0	0.0	0.0
otu_119	0.0	0.0	0.007321501	0.0	0.0	0.0	0.0	0.104696155	0.0	0.0	0.0	0.0	0.0	0.0	0.0	0.0	0.0	0.0	0.0	0.0
otu_121	0.0	0.0	0.0	0.028275214	0.007192231	0.07689638	0.097553656	0.010827061	0.0	0.06455335	0.029659279	0.15923457	0.0	0.03494979	0.0	0.021367945	0.027275097	0.057289016	0.007053794	0.008046868
otu_124	0.19249287	0.1252684	0.03652035	0.042189483	0.0625736	0.005605039	0.0	0.0	0.08666088	0.0	0.017847303	0.0	0.27151525	0.08590341	0.09970431	0.0	0.0	0.008229957	0.007132831	0.0
otu_125	0.0	0.0	0.0	0.0	0.0	0.0	0.0	0.0	0.0	0.0	0.0	0.0	0.11802197	0.031820383	0.0	0.0	0.0	0.0	0.041701533	0.03754802
otu_127	0.009786753	0.11468972	0.16864172	0.0	0.011600218	0.028772864	0.0	0.002822608	0.0	0.020316724	0.0	0.0	0.045665897	0.011511104	0.03385745	0.0	0.0	0.0	0.012993769	0.016111936
otu_128	0.0	0.0	0.013204526	0.0	0.0	0.0	0.005299885	0.11148809	0.0	0.0	0.0	0.0	0.0	0.012744079	0.0	0.0	0.0	0.009752958	0.004848789	0.0
otu_131	0.0	0.0	0.0	0.0	0.0	0.0	0.48012942	0.017700365	0.0	0.0	0.0	0.0	0.0	0.0	0.0	0.0	0.0	0.0	0.0	0.0
otu_135	0.0	0.007836485	0.22434115	0.026015747	0.019486519	0.0	0.0	0.003593492	0.0	0.0	0.025092626	0.0	0.00838833	0.0	0.05150702	0.0	0.0	0.0	0.0	0.0
otu_138	0.010376823	0.045148995	0.03226016	0.030803453	0.019712549	0.01203995	0.009324552	0.00951521	0.029606551	0.010054231	0.026965184	0.004933191	0.32817742	0.06938607	0.01982344	0.0	0.00416494	0.019759886	0.061412998	0.09526871
otu_139	0.0	0.0	0.0	0.0	0.0	0.0	0.1055506	0.006586306	0.0	0.0	0.0	0.005107624	0.0	0.010468277	0.0	0.0	0.012456892	0.10960148	0.00417277	0.0
otu_142	0.0	0.01786271	0.19966082	0.013290185	0.015822781	0.0	0.009767242	0.13220069	0.017618738	0.0	0.009716746	0.0	0.05327657	0.010606683	0.00886857	0.0	0.0	0.00707747	0.0	0.0
otu_145	0.013442452	0.01654903	0.045745935	0.012850492	0.08109585	0.004068237	0.034836557	0.20461902	0.02535409	0.0	0.006728245	0.041244302	0.017826144	0.009175861	0.036935657	0.0	0.05031565	0.030703532	0.017300552	0.017197452
otu_148	0.008761753	0.013382544	1.0802919	0.024644993	0.006540956	0.008202949	0.0	0.002291322	0.025690626	0.005434577	0.01628056	0.0	0.12626591	0.013346911	0.0	0.0	0.0	0.0	0.006207024	0.008153728
otu_149	0.0	0.0	0.031510144	0.0	0.02242185	0.0	0.0	0.14426377	0.0	0.0	0.0	0.0	0.0	0.005805848	0.0	0.0	0.0	0.0	0.0	0.0
otu_154	0.0	0.026656557	0.0	0.0	0.056192767	0.004415956	0.3973671	0.08956567	0.0	0.005696466	0.0	0.10637659	0.0	0.18899123	0.015283364	0.006153727	0.15519068	0.5592831	0.14024013	0.116848156
otu_157	0.0	0.0	0.0	0.0	0.0	0.0	0.0	0.0	0.0	0.0	0.0	0.0	0.0	0.0	0.0	0.0	0.0	0.0	0.14507858	0.12618777
otu_160	0.06836289	0.016431369	1.1449789	0.024108738	0.0	0.024977745	0.0	0.0	1.2912743	0.016369894	0.020987887	0.0	0.017963022	0.0	0.035081595	0.0	0.0	0.0	0.0	0.0
otu_161	0.0	0.0	0.0	0.0	0.0	0.030285094	0.02794104	0.0	0.0	0.09087027	0.0	0.015038066	0.0	0.027748685	0.0	0.0	0.14129484	0.0	0.005748092	0.0
otu_164	0.0	0.0	0.10472861	0.008901689	0.005526342	0.0	0.0	0.0	0.017988045	0.0	0.007985974	0.0	0.009009313	0.0	0.0	0.0	0.0	0.0	0.0	0.004735545
otu_168	0.0	0.0	0.019824186	0.0	0.016825892	0.0	0.006262708	0.21102811	0.007642602	0.0	0.0	0.0	0.0	0.0	0.0	0.0	0.0	0.007215381	0.0	0.009320265
otu_169	0.0	0.0	0.031476416	0.01636591	0.0	0.0	0.002010889	0.025042368	0.019969398	0.0	0.012938675	0.0	0.13019304	0.020449866	0.0	0.0	0.0	0.0	0.011994683	0.017329022
otu_170	0.0	0.15093759	0.0	0.018731277	0.018494407	0.0	0.0	0.0	0.0	0.0	0.0196246	0.0	0.0	0.007022178	0.0	0.0	0.0	0.0	0.0	0.0
otu_172	0.0	0.0	0.0	0.0	0.0	0.0	0.0	0.10535025	0.0	0.0	0.0	0.0	0.0	0.0	0.0	0.0	0.009096392	0.0	0.0	0.0
otu_174	0.0	0.0	0.0	0.0	0.015949639	0.0	0.0	0.11032546	0.0	0.0	0.0	0.0	0.020228134	0.0	0.0	0.0	0.0	0.010449026	0.0	0.0
otu_175	0.0	0.0	0.0	0.0	0.0	0.0	0.0	0.0	0.0	0.0	0.0	0.0	0.044106938	0.008997806	0.0	0.0	0.0	0.0	0.005602069	0.15455885
otu_176	0.0	0.1238124	0.005641443	0.0	0.025239525	0.0	0.13163629	0.04893032	0.0	0.0	0.0	0.035271816	0.0	0.039662335	0.112385124	0.0	0.026519269	0.048091754	0.0	0.0
otu_181	0.0	0.0	0.004994841	0.0	0.0	0.0	0.0	0.25782388	0.0	0.0	0.0	0.003766757	0.0	0.0	0.0	0.0	0.017456485	0.0	0.0	0.0
otu_183	0.0	0.009676419	0.0	0.0	0.030074032	0.0	0.029054703	0.12039552	0.0	0.0	0.0	0.1129446	0.018538684	0.06258269	0.013175974	0.0	0.08930465	0.08028475	0.064372264	0.08704272
otu_184	0.0	0.0	0.0	0.0	0.007762647	0.0	0.09738051	0.018427864	0.0	0.007111536	0.0	0.091388784	0.0	0.01694916	0.0	0.028395725	0.12965035	0.07945293	0.013103796	0.009023301
otu_186	0.0	0.083908446	0.0	0.0	0.24053138	0.013454722	0.012996269	0.0084472	0.015822923	0.008995112	0.0	0.035191745	0.10509066	0.015149862	0.18084171	0.0	0.0	0.040441126	0.0	0.0
otu_188	0.0	0.0	0.19021496	0.0	0.038706932	0.0	0.0	0.0	0.0	0.0	0.0	0.0	0.010918886	0.0	0.08320874	0.0	0.0	0.008600029	0.023493309	0.022001898
otu_190	0.07345076	0.0711746	0.20167048	0.07039427	0.077640004	0.009560646	0.010508116	0.029906344	0.08516256	0.0	0.059087865	0.02471309	0.1523102	0.07441478	0.07940894	0.0	0.007597735	0.043649085	0.26000014	0.22380553
otu_191	0.0	0.013929445	0.0	0.0	0.0	0.0	0.015911877	0.0	0.0	0.0	0.0	0.012779295	0.0	0.07227575	0.0	0.0	0.006942016	0.051966526	0.21554922	0.1716609
otu_192	0.0	0.0	0.026435094	0.008846535	0.015455733	0.0	0.005290502	0.16270952	0.016219504	0.0	0.006815417	0.006230871	0.0	0.0	0.0	0.0	0.0	0.010431428	0.0	0.006906757
otu_193	0.0	0.0	0.0	0.0	0.005926492	0.0	0.0	0.10200612	0.0	0.0	0.0	0.0	0.0	0.0	0.0	0.0	0.008054921	0.0	0.0	0.0
otu_198	0.0	0.0	0.0	0.0	0.0	0.00747698	0.0	0.0	0.0	0.0	0.0	0.0	0.020178374	0.015033255	0.0	0.0	0.0	0.0	0.080535315	0.3308416
otu_201	0.0	0.0	0.0	0.0	0.0	0.0	0.0	0.0	0.0	0.0	0.0	0.0	0.073117875	0.017813908	0.0	0.0	0.0	0.0	0.1809387	0.19000264
otu_202	0.07938871	0.0	0.24703144	0.050301433	0.0	0.005851931	0.0	0.041062836	0.17247918	0.0	0.034988124	0.0	0.07061442	0.0	0.07962514	0.0	0.0	0.0	0.0	0.0
otu_204	0.041704852	0.04762323	0.118526585	0.038810544	0.057997327	0.00838598	0.01241989	0.02627982	0.045307204	0.0	0.031424917	0.01849613	0.090902336	0.05772469	0.046978027	0.0	0.008654484	0.037159856	0.18217662	0.1404269
otu_206	0.14002928	0.22817051	0.028063789	0.024781747	0.051224295	0.015609947	0.0	0.0	0.06807665	0.011213928	0.011880432	0.0	0.16604473	0.04993258	0.06897978	0.0	0.0	0.0	0.005108594	0.0
otu_207	0.115511104	0.07575067	0.091637515	0.036412768	0.08319721	0.010386078	0.0	0.042735964	0.12755999	0.006413871	0.026455104	0.005347885	0.047433034	0.009524129	0.07928954	0.0	0.0	0.033344463	0.014903748	0.024153309
otu_208	0.0	0.0335631	0.005647038	0.0	0.050067265	0.018079566	0.0	0.0	0.0	0.016594106	0.0	0.00842509	0.008004004	0.02545585	0.101531535	0.008674722	0.008364221	0.017005699	0.008014863	0.0
otu_209	0.059203517	0.03039978	0.6678566	0.07028587	0.10970151	0.007205288	0.0	0.007668492	0.34390023	0.0	0.067852534	0.0	0.054627758	0.0	0.105916485	0.0	0.0	0.0	0.0	0.0
otu_215	0.032896724	0.0	0.31625745	0.019948112	0.0	0.0	0.012008798	0.09986662	0.18366419	0.0	0.012396439	0.0	0.063718766	0.008938267	0.0	0.0	0.0	0.0	0.007395968	0.00894782
otu_217	0.0	0.0	0.36829594	0.014249026	0.014939852	0.0	0.0	0.0	0.016846318	0.0	0.011091421	0.0	0.04335122	0.004926625	0.015353428	0.0	0.0	0.0	0.0	0.0
otu_224	0.1301833	0.018640772	0.042097263	0.057666387	0.019448737	0.005915561	0.0	0.7267075	0.3935172	0.0	0.046005096	0.0	0.073864564	0.0	0.023052627	0.0	0.0	0.0	0.0	0.0
otu_227	0.026433317	0.028789742	0.010775586	0.0	0.0	0.005162037	0.0	0.0	0.0	0.0	0.0	0.0	0.27481169	0.08546714	0.0	0.0	0.0	0.0	0.0	0.0
otu_230	0.02188088	0.013652956	0.24730815	0.014619802	0.0	0.007648225	0.004071171	0.029273715	0.13730262	0.004973154	0.008719385	0.0	0.30524716	0.058302995	0.0	0.0	0.0	0.02432216	0.031324267	0.045851137
otu_232	0.0	0.0	0.016065376	0.029386753	0.010150334	0.0	0.02596792	0.2083091	0.0	0.0	0.020651026	0.0	0.16116413	0.028444143	0.0	0.0	0.0	0.06979553	0.12455903	0.24048685
otu_234	0.0	0.0	0.34685522	0.0	0.0	0.0	0.0	0.0	0.0	0.0	0.0	0.0	0.02780516	0.0	0.0	0.0	0.0	0.0	0.0	0.0
otu_237	0.021297911	0.0	0.22848658	0.010770381	0.0	0.026899295	0.0	0.0	0.39926755	0.01458692	0.007705748	0.0	0.0132932	0.0	0.0	0.0	0.0	0.0	0.0	0.0
otu_239	0.019529909	0.04900049	0.019745039	0.015242517	0.004544149	0.006622974	0.009814758	0.015202145	0.028726429	0.0	0.005935602	0.0	0.24575232	0.07728674	0.020336377	0.0	0.0	0.0	0.038356014	0.044085383
otu_245	0.0	0.0	0.0	0.0	0.0	0.0	0.0	0.0	0.0	0.0	0.0	0.0	0.010413328	0.13243635	0.0	0.0	0.0	0.0	0.015309655	0.010917785
otu_246	0.079865806	0.22848354	0.0	0.0	0.008586097	0.0505265	0.013387125	0.028360885	0.0	0.046268344	0.0	0.013496302	0.0	0.28058904	0.023153909	0.0	0.005292319	0.05109735	0.14953984	0.060238097
otu_250	0.0	0.0	0.040724676	0.05300993	0.0	0.0	0.027722348	0.22038332	0.018288614	0.0	0.03076633	0.005070905	0.29127914	0.019134844	0.0	0.0	0.0	0.05416523	0.03137586	0.2045639
otu_254	0.0	0.05819569	0.0	0.0	0.068414025	0.16902305	0.042300876	0.0	0.0	0.17175199	0.0	0.022650698	0.0	0.029542336	0.0	0.012838385	0.031450685	0.015137192	0.0	0.0
otu_256	0.020778699	0.11718852	0.005931276	0.023119275	0.1429584	0.01555474	0.010730071	0.012277489	0.032451846	0.007126817	0.012048175	0.036378436	0.1309181	0.008498645	0.32419002	0.009672178	0.0	0.05558123	0.010544767	0.011324159
otu_258	0.0	0.0	0.016946623	0.0	0.0	0.0	0.0	0.13517232	0.0	0.0	0.0	0.0	0.0	0.0	0.0	0.0	0.007810907	0.0	0.0	0.0
otu_261	0.056172047	0.02511668	0.06585808	0.028260713	0.023837972	0.007276386	0.0	0.0	0.18398587	0.0	0.018990668	0.0	0.047255773	0.009102657	0.032282803	0.0	0.0	0.0	0.0	0.0
otu_263	0.0	0.0	0.0	0.0	0.0	0.0	0.018837126	0.103783846	0.0	0.0	0.0	0.008259344	0.0	0.0	0.0	0.0	0.010262714	0.033863876	0.003989785	0.010203337
otu_265	0.0	0.0	1.0269709	0.035953775	0.0	0.016982341	0.0	0.0	0.0	0.009150239	0.019658959	0.0	0.025770653	0.0	0.0	0.0	0.0	0.0	0.0	0.0
otu_267	0.0	0.0	0.09771806	0.039744295	0.0	0.007744262	0.0	0.0	0.19029	0.0	0.024179349	0.0	0.084773764	0.0	0.0	0.0	0.0	0.0	0.0	0.0
otu_270	0.0	0.0	0.0	0.0	0.0	0.0	0.0	0.0	0.0	0.0	0.0	0.0	0.1081644	0.031528734	0.0	0.0	0.0	0.0	0.062302936	0.058132276
otu_272	0.0	0.0	0.0	0.0	0.020508394	0.0	0.0	0.11592302	0.0	0.0	0.0	0.0	0.005871673	0.0	0.0	0.0	0.0	0.0	0.0	0.0
otu_275	0.0	0.0	0.0	0.0	0.019454964	0.0	0.0	0.15180002	0.0	0.0	0.0	0.004349114	0.0	0.0	0.0	0.0	0.023731831	0.010429245	0.0	0.007247362
otu_276	0.070036694	0.008556098	0.07815039	0.014132213	0.0	0.003644832	0.0	0.0	0.18117407	0.0	0.012311164	0.0	0.0	0.0	0.0	0.0	0.0	0.0	0.0	0.0
otu_278	0.0	0.05769837	0.0	0.0	0.005857956	0.034154993	0.017491896	0.004099979	0.0	0.02694363	0.0	0.013226389	0.012267701	0.07656767	0.0	0.0	0.0	0.07624352	0.21824533	0.27417544
otu_280	0.0	0.0	0.0	0.0	0.0	0.0	0.005658653	0.001924567	0.0	0.0	0.0	0.0	0.07483722	0.08074432	0.0	0.0	0.0	0.011261031	0.13386318	0.08238387
otu_284	0.013895434	0.007058415	0.11461033	0.021657227	0.030059734	0.0	0.0	0.00525978	0.06726463	0.0	0.018861525	0.0	0.02977476	0.0	0.027978815	0.0	0.0	0.0	0.0	0.0
otu_285	0.0	0.0	0.047567073	0.0	0.010543998	0.0	0.004602456	0.11115338	0.007228712	0.0	0.0	0.003921512	0.0	0.0	0.0	0.0	0.0	0.006036303	0.004754359	0.0
otu_286	0.01855853	0.050176755	0.015480394	0.018507896	0.0	0.005375869	0.0	0.006278156	0.012529356	0.0	0.009662267	0.0	0.18872014	0.06582631	0.0	0.0	0.0	0.0	0.005136628	0.009161676
otu_287	0.12275755	0.0	0.0	0.0	0.0	0.0	0.0	0.0	0.0	0.0	0.0	0.0	0.08198958	0.011582077	0.0	0.0	0.0	0.0	0.005954767	0.011684575
otu_288	0.01032035	0.013946712	0.049648166	0.022778267	0.011332808	0.0	0.0	0.00536569	0.03228422	0.0	0.016202569	0.0	0.13579175	0.040151842	0.014267057	0.0	0.0	0.011493663	0.040938985	0.076092415
otu_292	0.0	0.0	0.0	0.0	0.011263313	0.0	0.00320397	0.21986711	0.0	0.0	0.0	0.0	0.0	0.006633311	0.0	0.0	0.0	0.0	0.0	0.0
otu_295	0.0	0.0	0.0	0.0	0.0	0.0	0.015079913	0.01112651	0.0	0.0	0.0	0.2223951	0.0	0.0	0.0	0.0	0.019802792	0.054344933	0.0	0.0
otu_296	0.009992464	0.02311173	0.20457959	0.020123335	0.007259526	0.01139264	0.0	0.0	0.053168032	0.007028544	0.02051588	0.0	0.10391541	0.0252379	0.016722146	0.0	0.0	0.0	0.016616566	0.019476507
otu_297	0.010749105	0.032874998	0.04071182	0.011551497	0.09254861	0.0	0.01030166	0.014624126	0.0	0.0	0.007728224	0.014435476	0.03326901	0.05528173	0.044077106	0.0	0.016312335	0.051887847	0.0915731	0.18781264
otu_299	0.68215805	0.0	0.0	0.038833257	0.0	0.028889667	0.0	0.0	0.06375552	0.006926055	0.026284011	0.0	0.46806136	0.0	0.0	0.0	0.0	0.0	0.0	0.0
otu_300	0.0	0.0	0.0	0.0	0.0	0.055140827	0.15585046	0.0	0.0	0.08968872	0.0	0.052159596	0.0	0.15739419	0.0	0.0	0.06426274	0.020353077	0.025086122	0.0
otu_302	0.0	0.0	0.0	0.0	0.0	0.005506028	0.0	0.0	0.0	0.0	0.0	0.0	0.0	0.04116834	0.0	0.0	0.0	0.022043591	0.1943129	0.22061071
otu_305	0.010880794	0.0	0.010835466	0.010229126	0.0	0.0	0.01324202	0.15794341	0.019119704	0.0	0.006807166	0.0	0.011900336	0.0	0.0	0.0	0.0	0.019109719	0.006942387	0.013632188
otu_306	0.0	0.021205477	0.0	0.0	0.01554156	0.026708184	0.10309661	0.061403163	0.0	0.035022143	0.0	0.041918866	0.0	0.039052144	0.011038168	0.004964308	0.03289506	0.07982957	0.051075675	0.04304589
otu_311	0.0277592	0.0	0.016590452	0.017679611	0.0	0.0	0.025955888	0.27797997	0.08068272	0.0	0.010858636	0.004958588	0.018867051	0.008881955	0.0	0.0	0.0	0.03275724	0.017946154	0.022476964
otu_312	0.0	0.0	0.005281547	0.0	0.009882725	0.0	0.2502349	0.08420337	0.0	0.0	0.0	0.12520956	0.0135591	0.0	0.0	0.0	0.13609137	0.32159168	0.024662746	0.038469333
otu_314	0.0	0.04035781	0.0	0.0	0.109234594	0.018846102	0.009796443	0.071131006	0.0	0.013980209	0.0	0.03054613	0.0	0.019192934	0.050160673	0.0	0.018162308	0.042484023	0.012672719	0.0
otu_316	0.0	0.0	0.0	0.019396827	0.012261255	0.0	0.011175207	0.020687165	0.0	0.0	0.012183753	0.007212339	0.030371342	0.025082234	0.01785034	0.0	0.007043271	0.07346043	0.074537605	0.17241056
otu_317	0.078980155	0.08649619	0.20526846	0.07204724	0.10101713	0.01152777	0.012878442	0.034494348	0.088896796	0.005322501	0.06145922	0.039755113	0.16288362	0.088703215	0.10051255	0.0	0.012060407	0.06863137	0.0952552	0.082104675
otu_318	0.012038975	0.028548017	0.12124948	0.030782625	0.0	0.054425612	0.0	0.0	0.020091234	0.035842914	0.023760552	0.0	0.19319601	0.018330937	0.0	0.0	0.0	0.0	0.0	0.0
otu_319	0.027584536	0.004748073	0.01791447	0.00665003	0.02527348	0.0	0.009088803	0.23687868	0.02643266	0.0	0.004603035	0.0	0.02190862	0.02037766	0.006393457	0.0	0.0	0.013723479	0.014543721	0.018237043
otu_320	0.008449766	0.024666756	0.0	0.0	0.025620203	0.064165466	0.16672553	0.0	0.008336952	0.10315613	0.004730442	0.06734304	0.0	0.059766613	0.0	0.018670902	0.149972	0.04581094	0.007738851	0.0
otu_322	0.0	0.0	0.011958865	0.0	0.0	0.0	0.0	0.24229334	0.0	0.0	0.0	0.0	0.0	0.0	0.0	0.0	0.0	0.0	0.0	0.0
otu_325	0.020542197	0.0	0.0	0.047847435	0.02026277	0.23267637	2.7178364	0.009792258	0.0	0.326825	0.062485468	0.66737145	0.0	0.30342677	0.026307145	0.47618932	2.0058095	0.22401561	0.031015452	0.008177108
otu_327	0.0	0.0	0.0	0.0	0.009039923	0.007616194	0.036360405	0.0	0.0	0.011818107	0.0	0.015929893	0.0	0.009168826	0.0	0.002406512	0.20733967	0.00968826	0.0	0.0
otu_329	0.17266688	0.046621364	0.12831919	0.073637575	0.019509146	0.010235309	0.023919702	0.06395432	0.24523488	0.004884057	0.05538567	0.009954391	0.16995658	0.021655098	0.05888483	0.0	0.0	0.05057689	0.019216688	0.0341782
otu_330	0.009006848	0.0	0.012003624	0.017943833	0.0	0.006252755	0.0	0.0	0.11263595	0.0	0.006085923	0.0	0.09557867	0.0	0.0	0.0	0.0	0.0	0.0	0.0
otu_337	0.4713578	0.02172937	0.41917065	0.04263301	0.0	0.05812518	0.0	0.0	2.003648	0.04069111	0.035897456	0.0	0.007834362	0.0	0.018510003	0.0	0.0	0.0	0.0	0.0
otu_343	0.029563041	0.032459866	0.017380642	0.0	0.0	0.004168047	0.0	0.0	0.018773012	0.0	0.0	0.0	0.33314136	0.08298555	0.0	0.0	0.0	0.0	0.0	0.0
otu_344	0.0	0.022005592	0.029669931	0.0	0.013722695	0.005805624	0.039076697	0.11819132	0.08022612	0.004048427	0.0	0.006711577	0.075731315	0.05167114	0.029239545	0.0	0.004311986	0.043118518	0.060670946	0.085209295
otu_345	0.0	0.010084295	0.07866042	0.10013123	0.0	0.004641453	0.005029445	0.092636235	0.06146639	0.0	0.07848006	0.0	0.82527214	0.12329648	0.009014354	0.0	0.0	0.0	0.022341667	0.047839735
otu_346	0.0	0.043507494	0.0	0.0	0.04359796	0.009685648	0.04109398	0.010366038	0.0	0.011929557	0.0	0.044149503	0.0	0.08228552	0.016925663	0.009670953	0.048895184	0.10647859	0.027876101	0.020311275
otu_350	0.1259624	0.01397057	0.21043195	0.059238125	0.052992582	0.015073967	0.0	0.004494648	0.26349455	0.011104867	0.051153224	0.0	0.0	0.0	0.040733527	0.0	0.0	0.0	0.0	0.0
otu_352	0.012663452	0.044934515	0.07349854	0.020256609	0.027809404	0.008370252	0.007529864	0.01844741	0.0665979	0.006157127	0.015481886	0.0	0.19155493	0.052666344	0.027685588	0.0	0.0	0.017684674	0.01955276	0.033277456
otu_353	0.0	0.0	0.0	0.0	0.0	0.0	0.0	0.011262447	0.0	0.0	0.0	0.0	0.12464375	0.006670327	0.0	0.0	0.0	0.0	0.0	0.0
otu_356	0.092589244	0.096303426	0.25717837	0.09182049	0.11020771	0.014094029	0.013906166	0.03957111	0.10613869	0.006605309	0.07978855	0.025168778	0.22971569	0.11061207	0.10264322	0.0	0.009739881	0.061559647	0.08827331	0.08184368
otu_357	0.0	0.009758864	0.0	0.0	0.0	0.007557394	0.013832911	0.014349022	0.0	0.013277796	0.0	0.00427548	0.0	0.07634667	0.0	0.0	0.01844396	0.019127835	0.119939186	0.038326
otu_358	0.0	0.08211842	0.09124687	0.015516154	0.03128583	0.021718366	0.11510459	0.37721542	0.36264712	0.014980449	0.009525416	0.013345096	0.39785948	0.15340415	0.08001768	0.0	0.010546231	0.102087714	0.07367273	0.10786374
otu_359	0.0	0.09505731	0.0	0.0	0.0	0.033320777	0.0	0.0	0.0	0.03830232	0.0	0.0	0.024062008	0.24886133	0.0	0.0	0.0	0.0	0.2794924	0.14232181
otu_370	0.0	0.0	0.0	0.0	0.0	0.0	0.02035697	0.10203145	0.0	0.0	0.0	0.007047415	0.0	0.02106942	0.0	0.0	0.0	0.01941088	0.006307471	0.0
otu_376	0.0	0.0	0.008606874	0.0	0.039017595	0.0	0.007491108	0.15730904	0.00655946	0.0	0.0	0.0	0.025372615	0.018807387	0.0	0.0	0.005026115	0.013990101	0.026796697	0.036672886
otu_382	0.0765944	0.07157226	0.16669367	0.060292605	0.07887801	0.01103123	0.011304565	0.032062918	0.0832391	0.005761348	0.053639792	0.03186022	0.13515946	0.07070835	0.082558975	0.0	0.00943831	0.053932834	0.0790135	0.069850616
otu_383	0.0	0.0	0.0	0.0	0.008454629	0.0	0.0	0.1475111	0.0	0.0	0.0	0.0	0.0	0.0	0.0	0.0	0.0	0.0	0.0	0.0
otu_386	0.0	0.0	0.22033527	0.0	0.0	0.0	0.0	0.0	0.0	0.0	0.0	0.0	0.010845694	0.0	0.0	0.0	0.0	0.0	0.0	0.0
otu_387	0.0	0.015017593	0.01159857	0.062106583	0.0	0.009627903	0.0	0.0	0.0	0.0	0.015536948	0.0	0.1269913	0.0	0.0	0.0	0.0	0.0	0.0	0.0
otu_388	0.01575495	0.06605184	0.0	0.0	0.0	0.31675464	0.0	0.0	0.021265173	0.3057271	0.0	0.0	0.0	0.10779649	0.0	0.0	0.0	0.0	0.052587967	0.008229358
otu_396	0.0	0.0	0.0	0.0	0.0	0.0	0.0439092	0.11017097	0.0	0.0	0.0	0.0	0.0	0.0	0.0	0.0	0.0	0.0	0.007910331	0.0
otu_397	0.0	0.0	0.0	0.0	0.007571407	0.0	0.0	0.2237223	0.0	0.0	0.0	0.0	0.0	0.0	0.0	0.0	0.006486245	0.0	0.0	0.0
otu_402	0.0	0.014225429	0.09096032	0.031187823	0.010931598	0.0	0.0	0.004283254	0.040975504	0.0	0.019795544	0.0	0.17127919	0.061156496	0.021262767	0.0	0.0	0.016494561	0.063784845	0.1436554
otu_406	0.13525571	0.038181704	0.09100519	0.07933335	0.007581462	0.008029319	0.021029785	0.05011789	0.2433214	0.0	0.057200447	0.005306059	0.23603283	0.015779028	0.038377624	0.0	0.0	0.034349993	0.013842825	0.026721006
otu_409	0.0	0.0	0.15425487	0.0	0.0	0.0	0.0	0.0	0.006135293	0.0	0.0	0.0	0.013948807	0.0	0.0	0.0	0.0	0.0	0.0	0.0
otu_410	0.0	0.0	0.0	0.0	0.0	0.05610207	0.013704934	0.0	0.0	0.113965705	0.0	0.0	0.0	0.016789192	0.0	0.0	0.007859118	0.0	0.0	0.0
otu_415	0.0847858	0.029060686	0.09543614	0.034895014	0.013500843	0.007373917	0.015970562	0.041285116	0.1301369	0.0	0.025866847	0.00867794	0.08267856	0.015171328	0.045470413	0.0	0.0	0.039047927	0.012511389	0.022628069
otu_416	0.033503078	0.007386334	0.014658598	0.0	0.0	0.003326442	0.0	0.009324375	0.0712628	0.0	0.0	0.0	0.101612486	0.0	0.0	0.0	0.0	0.0	0.0	0.05923636
otu_417	0.0	0.0	0.0	0.0	0.031014232	0.0	0.0	0.11661719	0.0	0.0	0.0	0.008356382	0.0	0.0	0.0	0.0	0.008156637	0.019277435	0.0	0.0
otu_418	0.0	0.0	0.01164016	0.01222492	0.0	0.0	0.0	0.0	0.0	0.0	0.0	0.0	0.016783832	0.0	0.013714523	0.0	0.0	0.0	0.058760196	0.10593391
otu_421	0.41604295	0.16567317	0.17161201	0.015912104	0.11131156	0.024761777	0.0	0.007272206	0.32698983	0.013827911	0.010404856	0.0	0.02370724	0.0	0.092430174	0.0	0.0	0.008244139	0.0	0.005647062
otu_429	0.006277017	0.005539475	0.019500744	0.0	0.055600036	0.0	0.0	0.22418487	0.005920272	0.0	0.0	0.007930079	0.0	0.0	0.008106248	0.0	0.014388835	0.0	0.0	0.0
otu_430	0.037566733	0.010324972	1.0057175	0.06337112	0.0	0.027552338	0.0	0.0	0.76524	0.016931353	0.061256927	0.0	0.031144768	0.0	0.01635793	0.0	0.0	0.0	0.0	0.0
otu_432	0.0	0.0	0.0	0.0	0.0	0.0	0.0	0.0	0.0	0.0	0.0	0.0	0.0	0.014946767	0.0	0.0	0.0	0.0	0.13623331	0.15979187
otu_435	0.0	0.0	0.004326749	0.0	0.045295313	0.0	0.023883477	0.12772451	0.0	0.0	0.0	0.16681343	0.0	0.0	0.025482092	0.007657439	0.057270214	0.05937306	0.0	0.0
otu_438	0.008662375	0.0	0.14688134	0.0	0.0	0.0	0.0	0.00779574	0.015946465	0.0	0.0	0.0	0.0	0.0	0.0	0.0	0.0	0.0	0.0	0.0
otu_439	0.0	0.017484987	0.011104945	0.0	0.006092937	0.0	0.018180791	0.0582668	0.02850443	0.0	0.0	0.0	0.048293818	0.06351382	0.0	0.0	0.0	0.017381197	0.11331992	0.10255131
otu_440	0.04202331	0.18953821	0.012656981	0.0	0.19080126	0.0	0.0	0.0	0.0	0.0	0.0	0.0	0.0428369	0.0	0.13566986	0.008978485	0.0	0.0	0.0	0.0
otu_444	0.0	0.0	0.2884074	0.030911354	0.0	0.0	0.0	0.0	0.012919175	0.0	0.026419306	0.0	0.02550371	0.0	0.0	0.0	0.0	0.0	0.0	0.0
otu_447	0.031574924	0.022858467	0.028142564	0.20537558	0.0	0.004147535	0.0	0.003349308	0.02180495	0.0	0.25190023	0.0	0.082128786	0.0	0.0	0.0	0.0	0.0	0.0	0.0
otu_452	0.0	0.020337984	0.03277617	0.020385213	0.006947177	0.0	0.004507881	0.032277253	0.0	0.0	0.011665933	0.0	0.24500768	0.08836844	0.008205103	0.0	0.0	0.016541308	0.10771891	0.11215918
otu_454	0.0	0.0	0.0	0.1193893	0.0	0.0	0.0	0.0	0.0	0.0	0.20071517	0.0	0.0	0.0	0.0	0.0	0.0	0.0	0.0	0.0
otu_460	0.0	0.01248216	0.0	0.022400271	0.0	0.0	0.0	0.3464911	0.0	0.0	0.013692068	0.0	0.32356793	0.011011347	0.0	0.0	0.0	0.0	0.0	0.0
otu_461	0.0	0.0	0.0	0.0	0.016722618	0.0	0.0	0.0	0.0	0.0	0.0	0.0	0.0	0.0	0.0	0.15304826	0.0	0.0	0.0	0.0
otu_462	0.055257462	0.00804011	0.21988901	0.0	0.0	0.0064625	0.0	0.0	0.10584784	0.0	0.0	0.0	0.01562539	0.0	0.0	0.0	0.0	0.0	0.0	0.0
otu_466	0.04593971	0.0	0.041036773	0.020765193	0.036477305	0.0	0.0	0.00781438	0.1257568	0.0	0.015576829	0.005319907	0.0	0.0	0.06210425	0.0	0.0	0.008295014	0.0	0.015289802
otu_477	0.0	0.0	0.0	0.0	0.0	0.0	0.03664766	0.0	0.0	0.0	0.0	0.009044706	0.0	0.018048275	0.0	0.0	0.008937231	0.07597009	0.251352	0.16016378
otu_479	0.103691995	0.08261242	0.11429751	0.0	0.019818716	0.03540023	0.0	0.003658333	0.790624	0.023611676	0.0	0.0	0.03470963	0.0	0.0616673	0.0	0.0	0.0	0.0	0.00967207
otu_482	0.23586127	0.023874857	0.16895491	0.023101345	0.064304754	0.01582619	0.0	0.003581773	0.20940107	0.009383597	0.020292588	0.0	0.007700837	0.0	0.045010213	0.0	0.0	0.0	0.0	0.0
otu_487	0.0	0.0	0.0	0.0	0.0	0.0	0.02162867	0.007781083	0.0	0.0	0.0	0.17411944	0.02411261	0.0	0.0	0.0	0.0	0.1424697	0.0	0.0
otu_488	0.0	0.027649615	0.030665087	0.0	0.011749609	0.0	0.007714133	0.14199485	0.016507935	0.0	0.0	0.0	0.02833468	0.021523466	0.0	0.0	0.0	0.013913886	0.005440722	0.0
otu_489	0.0	0.0	0.0	0.0	0.007241936	0.0	0.03856883	0.010455703	0.0	0.0	0.0	0.012756718	0.0	0.028715398	0.0	0.0	0.015771516	0.06335376	0.10433096	0.06822063
otu_493	0.0	0.017122114	0.012436466	0.0	0.027678214	0.0	0.07907884	0.15902814	0.0	0.0	0.0	0.018042859	0.029019598	0.046477452	0.02057937	0.0	0.02570951	0.17597233	0.093473956	0.07989978
otu_496	0.0	0.01895405	0.0	0.0	0.007031793	0.08798797	0.013258043	0.0	0.0	0.11849235	0.0	0.0	0.0	0.058655348	0.0	0.0	0.013443573	0.0	0.009601191	0.0
otu_497	0.0	0.0	0.0	0.0	0.0	0.0	0.0	0.0	0.0	0.0	0.0	0.0	0.0	0.038527526	0.0	0.0	0.0	0.0	0.14467816	0.04670197
otu_499	0.010862656	0.03408692	0.027960038	0.04577783	0.0	0.005497837	0.0	0.0	0.006447225	0.0	0.013090258	0.0	0.11264405	0.039848603	0.0	0.0	0.0	0.0	0.005560168	0.01094243
otu_500	0.0	0.008007438	0.4899558	0.021398686	0.005378472	0.0	0.0	0.0	0.23077548	0.0	0.01835741	0.0	0.0	0.0	0.012165585	0.0	0.0	0.0	0.0	0.0
otu_504	0.0	0.022102151	0.013121576	0.015906049	0.01217576	0.006440325	0.007069248	0.006583024	0.01108163	0.005390432	0.012123525	0.003580281	0.101152875	0.035171095	0.011541746	0.0	0.0	0.01371175	0.039273877	0.05386394
otu_506	0.1757997	0.080681235	0.19927125	0.016940098	0.082795665	0.013469098	0.0	0.012270734	0.19149485	0.007716543	0.013149208	0.0	0.033257753	0.008038024	0.06823548	0.0	0.0	0.009814255	0.006360535	0.010525757
otu_507	0.05261951	0.07172317	0.013410218	0.0	0.15581384	0.018281838	0.007047597	0.03283288	0.0373184	0.01685964	0.005475401	0.007132844	0.014456049	0.018833509	0.062715545	0.0	0.005021414	0.020682024	0.018522626	0.020307457
otu_508	0.0	0.0	0.0	0.0	0.010012077	0.0	0.02648115	0.08389273	0.0	0.0	0.0	0.01512988	0.0	0.018604027	0.0	0.0	0.111148864	0.030217698	0.014066027	0.006002409
otu_510	0.0	0.0	0.0	0.0	0.02465725	0.0	0.0	0.0	0.0	0.0	0.0	0.0	0.0	0.0	0.10382266	0.0	0.0	0.0	0.0	0.0
otu_512	0.0	0.013631438	0.007128612	0.0	0.04620783	0.007905251	0.06722556	0.124978594	0.009542809	0.009139964	0.0	0.041912284	0.01104101	0.022028198	0.027587198	0.007942577	0.05586181	0.11142451	0.03735646	0.028764114
otu_518	0.0	0.0	0.0	0.0	0.0	0.0	0.052814323	0.0	0.0	0.006867998	0.0	0.020428227	0.0	0.0	0.0	0.010492204	0.18448558	0.0	0.0	0.0
otu_519	0.0	0.0	0.0	0.0	0.18395597	0.0	0.0	0.0	0.0	0.0	0.0	0.0	0.0	0.0	0.015633298	0.0	0.0	0.0	0.0	0.0
otu_520	0.0	0.027494047	0.007738854	0.023802558	0.027432537	0.0	0.081380926	0.02400148	0.0	0.0	0.01277734	0.008771163	0.04943094	0.0546275	0.023126746	0.0	0.006059484	0.05521721	0.10908156	0.1341743
otu_523	0.0	0.007925313	0.0	0.0	0.22975834	0.0	0.0	0.00609794	0.007110611	0.0	0.0	0.0	0.0	0.0	0.019064853	0.0	0.0	0.0	0.0	0.0
otu_526	0.01250354	0.027620412	0.040536482	0.016050665	0.008233957	0.005778656	0.0	0.0	0.019112144	0.0	0.009564266	0.0	0.22558436	0.09959691	0.0	0.0	0.0	0.0	0.026204266	0.03007111
otu_531	0.0	0.0	0.06788526	0.022566998	0.0	0.0	0.0	0.050740533	0.24187228	0.0	0.020121334	0.0	0.071514845	0.0	0.066835545	0.0	0.0	0.0	0.0	0.0
otu_532	0.005031545	0.0	0.035814513	0.0	0.016296193	0.0	0.006092882	0.24658702	0.008955545	0.0	0.0	0.0	0.0	0.0	0.0	0.0	0.0	0.010702412	0.0	0.0
otu_533	0.0	0.0	0.0	0.0	0.008526441	0.0	0.07839955	0.12845856	0.0	0.0	0.0	0.006129363	0.0	0.0	0.0	0.0	0.010770821	0.11552978	0.19510552	0.1804978
otu_536	0.015524793	0.010748718	0.17131667	0.011256149	0.0	0.005678397	0.003467546	0.023122225	0.09808761	0.0	0.006215276	0.0	0.22189161	0.042831644	0.0	0.0	0.0	0.020085324	0.027965251	0.03853868
otu_538	0.089939915	0.0	0.13624464	0.098408796	0.0	0.007802684	0.0	0.0	0.11027703	0.0	0.049398184	0.0	0.0	0.0	0.03301515	0.0	0.0	0.0	0.0	0.0
otu_539	0.0	0.03316648	0.112634085	0.0	0.0	0.003482088	0.0	0.0	0.14361157	0.0	0.0	0.0	0.007216983	0.0	0.0	0.0	0.0	0.0	0.0	0.0
otu_541	0.15456814	0.0	0.026104324	0.0	0.007433087	0.004686318	0.0	0.010746964	0.054555524	0.0	0.0	0.0	0.013014243	0.0	0.0	0.0	0.0	0.0	0.0	0.0
otu_543	0.029841848	0.27423018	0.0	0.0	0.33896023	0.1356197	0.006061133	0.0	0.081095286	0.1488293	0.0	0.009072701	0.008585932	0.025297787	0.124243595	0.012227237	0.011449535	0.015151657	0.005463632	0.0
otu_545	0.67488486	0.029353542	0.010071538	0.037459683	0.0	0.03286261	0.0	0.0	0.052319393	0.021760339	0.01669474	0.0	0.019755034	0.0	0.0	0.0	0.0	0.0	0.0	0.0
otu_549	0.0	0.116692096	0.05586764	0.0	0.0	0.030266091	0.0	0.0	0.0	0.017512644	0.0	0.0	0.0	0.0	0.0	0.0	0.0	0.0	0.0	0.0
otu_550	0.0	0.02175057	0.007643472	0.0	0.0	0.0	0.013639302	0.04437263	0.02238927	0.0	0.0	0.0	0.055551514	0.10104415	0.0	0.0	0.0	0.015667684	0.08401884	0.08306042
otu_552	0.0	0.0	0.01563664	0.017407889	0.020251902	0.0	0.0098629	0.11060464	0.011315456	0.0	0.013936188	0.006637116	0.014213473	0.008165999	0.0	0.0	0.010952559	0.013344234	0.00457187	0.0
otu_558	0.0	0.010437081	0.0	0.0	0.0	0.0	0.007359105	0.004931951	0.0	0.0	0.0	0.0	0.039007574	0.056239266	0.0	0.0	0.0	0.009233955	0.09792471	0.1061779
otu_559	0.0	0.0	0.0	0.0	0.0	0.0	0.0	0.003756759	0.0	0.0	0.0	0.0	0.031509455	0.047678746	0.0	0.0	0.0	0.0	0.102934696	0.06421912
otu_560	0.008719178	0.0	0.007164239	0.0	0.012905763	0.0	0.012592459	0.20450892	0.0	0.0	0.0	0.007853676	0.0	0.0	0.0	0.0	0.0	0.015611717	0.006457756	0.0
otu_561	0.0	0.010782561	0.0	0.0	0.009738931	0.03807211	0.1299903	0.0	0.0	0.05768874	0.0	0.03574915	0.0	0.06149582	0.0	0.01668232	0.08510522	0.040243708	0.022980286	0.008574954
otu_562	0.0	0.0	0.013807267	0.019510552	0.0	0.0	0.0	0.0	0.0	0.0	0.011405958	0.0	0.31805724	0.015607022	0.076990955	0.0	0.0	0.0	0.0	0.0
otu_565	0.0	0.0	0.17842898	0.10955952	0.0	0.017911779	0.0	0.022262955	0.11988594	0.006125206	0.04423364	0.0	0.11572643	0.0	0.2512491	0.0	0.0	0.0	0.0	0.0
otu_566	0.0	0.0	0.012706168	0.0	0.15918343	0.0	0.0	0.008401503	0.0	0.0	0.0	0.013909753	0.0	0.0	0.023614537	0.0	0.038419407	0.031650703	0.0	0.0
otu_573	0.023459246	0.010933772	0.15350156	0.012210232	0.0	0.006220385	0.004103287	0.052727975	0.108847514	0.0	0.006689937	0.0	0.2501477	0.04248619	0.0	0.0	0.0	0.025833307	0.017314618	0.03012953
otu_574	0.0	0.0	0.0	0.0	0.0	0.0	0.019816129	0.1261485	0.0	0.0	0.0	0.003775329	0.0	0.007132426	0.0	0.0	0.015056713	0.009525425	0.018827643	0.01511704
otu_575	0.3099336	0.025958104	0.13129036	0.08480541	0.014206267	0.005659195	0.024253968	0.09336491	0.20772728	0.0	0.06669604	0.012313699	0.07525811	0.008268992	0.07314397	0.006724647	0.003642648	0.056691833	0.009627417	0.021053884
otu_577	0.0	0.0	0.13267274	0.0	0.0	0.0	0.0	0.0	0.04411459	0.0	0.0	0.0	0.03434815	0.0	0.0	0.0	0.0	0.0	0.0	0.0
otu_580	0.0	0.0	0.0	0.03109263	0.0	0.0	0.004180063	0.004273278	0.0	0.0	0.02143365	0.0	0.11081565	0.045464344	0.0	0.0	0.0	0.0	0.021043807	0.0226802
otu_587	0.012027291	0.07052979	0.039635263	0.009690519	0.028335754	0.030079855	0.015297766	0.019149382	0.038511153	0.020731581	0.007836535	0.0	0.11170218	0.0	0.10110983	0.0	0.0	0.0	0.0	0.0
otu_588	0.0	0.0	0.0	0.0	0.016171122	0.0	0.0	0.116263285	0.0	0.0	0.0	0.004357611	0.0	0.0	0.0	0.0	0.022073824	0.010302738	0.0	0.0
otu_589	0.45393458	0.0	0.0	0.01834058	0.010485129	0.030501837	0.0	0.0	0.58528656	0.016519772	0.009092428	0.0	0.0	0.0	0.0	0.0	0.0	0.0	0.0	0.0
otu_592	0.0	0.0	0.0	0.01132278	0.0	0.0	0.0	0.0	0.0	0.0	0.006099124	0.0	0.12446317	0.0	0.0	0.0	0.0	0.0	0.0	0.0
otu_603	0.0	0.0	0.0	0.0	0.0	0.0	0.0	0.0	0.0	0.0	0.0	0.0	0.23639907	0.008898705	0.0	0.0	0.0	0.0	0.0	0.0
otu_608	0.0	0.0	0.0	0.0	0.0	0.0	0.009614459	0.27131152	0.0	0.0	0.0	0.0	0.0	0.0	0.0	0.0	0.0	0.0	0.0	0.0
otu_609	0.01384129	0.0	0.14928263	0.009347342	0.0	0.0	0.0	0.014014305	0.022277191	0.0	0.007134853	0.0	0.035082333	0.0	0.0	0.0	0.0	0.0	0.0	0.0
otu_611	0.062047392	0.024118125	0.012447263	0.012133689	0.029261682	0.0	0.0	0.012074245	0.0	0.0	0.009727762	0.0	0.26784065	0.012573944	0.030936683	0.0	0.0	0.0	0.005809621	0.010542664
otu_617	0.0	0.035288077	0.014233568	0.027962638	0.035180707	0.003818736	0.02262103	0.011328189	0.0	0.0	0.017868286	0.007759195	0.08614239	0.085839905	0.027206711	0.0	0.007137158	0.038861766	0.12461049	0.13386941
otu_618	0.0	0.0	0.0	0.0	0.0	0.0	0.014632751	0.17035763	0.0	0.0	0.0	0.0	0.0	0.0	0.0	0.0	0.0	0.018565308	0.008405195	0.008139162
otu_621	0.011133485	0.015914394	0.1131015	0.009514509	0.012141569	0.006575595	0.004819409	0.005769369	0.027427396	0.00535615	0.00837612	0.0	0.070287384	0.016956376	0.013527914	0.0	0.0	0.013528942	0.011933749	0.019559395
otu_622	0.0	0.006402442	0.2776125	0.014219825	0.007215743	0.0	0.0	0.0	0.026318468	0.0	0.013339537	0.0	0.0	0.0	0.008091568	0.0	0.0	0.0	0.0	0.0
otu_625	0.0	0.0	0.1237017	0.0	0.0	0.0	0.0	0.36623862	0.013238173	0.0	0.0	0.0	0.0	0.0	0.0	0.0	0.0	0.0	0.0	0.0
otu_626	0.0	0.024083884	0.0	0.0	0.107380375	0.0	0.0	0.0	0.0	0.0	0.0	0.011460378	0.0	0.0	0.061237518	0.0	0.007035712	0.021427859	0.0	0.0
otu_628	0.0	0.0	0.005606956	0.0	0.049292184	0.0	0.006891162	0.034421295	0.0	0.0	0.0	0.053327125	0.013865292	0.006443856	0.120045245	0.0	0.03359522	0.12394957	0.01737774	0.02783105
otu_629	0.031241132	0.400537	0.0	0.0	0.04197522	0.14855644	0.008536805	0.0	0.086967	0.16019751	0.0	0.009972506	0.010122323	0.026069798	0.025054416	0.01156987	0.009258439	0.014556169	0.005465032	0.0
otu_635	0.0	0.0	0.007052151	0.0	0.005928227	0.0	0.007155344	0.1534172	0.0	0.0	0.0	0.007755726	0.02219025	0.0	0.0	0.0	0.005831861	0.021270342	0.020443814	0.036019783
otu_636	0.006280343	0.0	0.0	0.0	0.00790664	0.018656585	0.00962418	0.0	0.0	0.052455444	0.005358782	0.017438313	0.0	0.022947041	0.0	0.002430211	0.17846343	0.0	0.0	0.0
otu_640	0.06468486	0.020488625	0.056367144	0.006690772	0.10634203	0.00322012	0.0	0.006739622	0.039901517	0.0	0.00475175	0.0	0.025539368	0.0	0.032704063	0.0	0.0	0.0	0.0	0.0
otu_642	0.3253698	0.16409856	0.010743352	0.0	0.06821934	0.03878337	0.00510577	0.023619482	0.04897331	0.036517598	0.0	0.0	0.012451256	0.021673765	0.025217878	0.0	0.0	0.009945123	0.015467068	0.01606113
otu_643	0.0	0.08251248	0.0	0.0	0.10869123	0.01307409	0.034560785	0.008667395	0.0	0.016799463	0.0	0.084838845	0.0	0.10187339	0.03279821	0.020156985	0.095050775	0.17627868	0.02679293	0.016114326
otu_645	0.0	0.0	0.0	0.0	0.0	0.0	0.0	0.012300762	0.0	0.0	0.0	0.0	0.2358444	0.005946808	0.0	0.0	0.0	0.0	0.0	0.009242255
otu_650	0.019168535	0.03721056	0.00844578	0.0	0.31183717	0.0	0.0	0.0	0.0	0.0	0.0	0.0	0.0	0.0	0.2487093	0.01672	0.0	0.0	0.0	0.0
otu_653	0.020691331	0.059987128	0.028664216	0.010186279	0.07981941	0.015745204	0.08552752	0.13580921	0.027331362	0.01392905	0.00697007	0.026297422	0.043387335	0.064991824	0.050898716	0.0	0.023279209	0.09910376	0.050495546	0.054211486
otu_654	0.0	0.0	0.15297382	0.048107512	0.020630574	0.0	0.0	0.018025259	0.11542405	0.0	0.041518692	0.0	0.05770103	0.0	0.006526669	0.0	0.0	0.0	0.0	0.0
otu_655	0.0	0.0332129	0.0	0.0	0.048920386	0.0733783	0.035785604	0.0	0.0	0.06865988	0.0	0.020963728	0.0	0.21833137	0.015927838	0.01588595	0.010572123	0.072124965	0.058670484	0.014459277
otu_659	0.0	0.010538674	0.7092792	0.06253331	0.0	0.0	0.0	0.0	0.009477924	0.0	0.029351164	0.0	0.16500877	0.029773481	0.0	0.0	0.0	0.013341983	0.049848128	0.058618695
otu_660	0.1328488	0.028377602	0.15943193	0.0	0.013670052	0.013993658	0.0	0.017520687	0.20361155	0.011787418	0.0	0.0	0.017840521	0.013266373	0.0	0.0	0.0	0.0	0.0	0.0
otu_661	0.0	0.0	0.0	0.0	0.00762176	0.0	0.0	0.13219327	0.0	0.0	0.0	0.0	0.0	0.0	0.0	0.0	0.0	0.0	0.0	0.0
otu_666	0.0	0.0	0.13824636	0.0	0.0	0.0	0.0	0.0	0.075425826	0.0	0.0	0.0	0.0	0.0	0.0	0.0	0.0	0.0	0.0	0.0
otu_667	0.0	0.009541962	0.010651221	0.0	0.013232073	0.0	0.019480752	0.11848649	0.009547587	0.0	0.0	0.004750716	0.026830906	0.022925623	0.011567303	0.0	0.00642249	0.028290836	0.050728362	0.056780938
otu_668	0.0	0.013903592	0.0	0.030636732	0.0	0.008155212	0.0	0.005338984	0.0	0.0	0.017760344	0.0	0.7749909	0.05501751	0.0	0.0	0.0	0.0	0.0	0.0
otu_670	0.10101227	0.0	0.061636426	0.046159793	0.0	0.011355592	0.0	0.0	0.10379391	0.005566457	0.03138456	0.0	0.021146856	0.0	0.0	0.0	0.0	0.0	0.0	0.0
otu_673	0.1056931	0.032725167	0.20166385	0.04886631	0.0543081	0.004668915	0.069827534	0.1395427	0.1693511	0.0	0.033128686	0.03926129	0.11674902	0.020590138	0.19976944	0.0	0.012241996	0.20319732	0.033142123	0.068744056
otu_676	0.00559275	0.030328419	0.014143645	0.007251321	0.081426136	0.018742405	0.18695742	0.46387416	0.024950683	0.021839479	0.0	0.08815175	0.027647717	0.03703112	0.054661807	0.015613212	0.113075405	0.29336575	0.07842285	0.08285166
otu_677	0.0	0.009754919	0.0	0.0	0.0	0.0	0.0	0.0	0.0	0.0	0.0	0.0	0.14818168	0.03463516	0.0	0.0	0.0	0.0	0.032366928	0.027099172
otu_678	0.0	0.022488138	0.139336	0.11149335	0.0	0.009389563	0.0	0.0	0.07926648	0.0	0.08832927	0.0	0.11040239	0.0	0.19615363	0.0	0.0	0.0	0.0	0.0
otu_681	0.0	0.0	0.0	0.0	0.0	0.004491587	0.0	0.0	0.0	0.0	0.0	0.0	0.12257841	0.07655547	0.0	0.0	0.0	0.0	0.0	0.0
otu_682	0.005709719	0.012696492	0.22622928	0.0	0.016939415	0.00506436	0.0	0.048655443	0.053403594	0.0	0.0	0.0	0.0	0.0	0.0	0.0	0.0	0.0	0.004432867	0.005597018
otu_687	0.0	0.20749833	0.0	0.0	0.08758675	0.30500108	0.009833886	0.0	0.0	0.26586396	0.006131365	0.005427423	0.0	0.080997065	0.022928657	0.030301822	0.0	0.013208188	0.025853321	0.009818731
otu_691	0.0	0.0	0.0	0.0	0.16735107	0.0	0.0	0.0	0.0	0.0	0.0	0.0	0.0	0.0	0.030970227	0.0	0.0	0.0	0.0	0.0
otu_698	0.012671105	0.009156682	0.040301893	0.022339227	0.0	0.006351539	0.0	0.0	0.0	0.0	0.013433052	0.0	0.103474565	0.0	0.0	0.0	0.0	0.0	0.0	0.0
otu_701	0.0	0.0	0.0	0.0	0.0	0.0	0.0	0.0	0.0	0.0	0.0	0.0	0.0	0.0	0.0	0.0	0.0	0.0	0.029379293	0.41066757
otu_703	0.0	0.027509682	0.0	0.0	0.0	0.0	0.011668073	0.002668151	0.0	0.0	0.0	0.0	0.04603859	0.12494065	0.029718816	0.0	0.0	0.02317355	0.10462115	0.060875505
otu_711	0.037083488	0.06650913	0.10520974	0.041719627	0.073635936	0.012777681	0.04598514	0.07392572	0.045394	0.010539507	0.031004395	0.025619846	0.13878989	0.089794025	0.07475964	0.0	0.015854433	0.14936027	0.10188726	0.111840844
otu_713	0.008808339	0.02397777	0.011279015	0.0	0.010949257	0.009895502	0.034738027	0.02488817	0.01992969	0.011648057	0.0	0.011960599	0.04922384	0.063241415	0.0	0.0	0.005331111	0.05700019	0.14432156	0.10875347
otu_714	0.0	0.0	0.015021788	0.0	0.070739016	0.0	0.0	0.0	0.0	0.0	0.0	0.014518255	0.0	0.0	0.12319687	0.0	0.0	0.120688535	0.0	0.0
otu_717	0.00982144	0.0	0.014401661	0.010927763	0.00542964	0.0	0.021868827	0.24119374	0.017989924	0.0	0.005419176	0.004606889	0.012981189	0.005708197	0.0	0.0	0.0	0.031175157	0.013015118	0.02153868
otu_718	0.005254436	0.025453566	0.004034779	0.0	0.027343024	0.004989293	0.013608788	0.023486702	0.0	0.005619708	0.0	0.003748019	0.045885183	0.11094579	0.016382169	0.0	0.006507017	0.021405624	0.11955147	0.13369161
otu_719	0.0	0.0	0.0	0.025375193	0.007376263	0.07032251	0.13427465	0.012992075	0.0	0.059686884	0.02761882	0.24677987	0.0	0.034973577	0.0	0.020800134	0.059353292	0.089211605	0.007338479	0.009616094
otu_721	0.0	0.008661276	0.004071305	0.0	0.0	0.0	0.028736863	0.033221837	0.0	0.0	0.0	0.0	0.049375344	0.038043864	0.0	0.0	0.0	0.056806345	0.119585656	0.13137205
otu_723	0.0	0.0	0.0	0.0	0.0	0.0	0.0	0.0	0.0	0.0	0.0	0.0	0.007579175	0.0	0.0	0.0	0.0	0.0	0.10683703	0.3921728
otu_727	0.0	0.033924334	0.020367004	0.020449214	0.052478142	0.006896864	0.06809113	0.08688412	0.0	0.006394237	0.012098402	0.015964607	0.053543493	0.06006451	0.03584878	0.0	0.0145316	0.094139755	0.13176087	0.17533588
otu_728	0.009353284	0.008724692	0.0761144	0.010430284	0.063069	0.0	0.008053255	0.20433414	0.033910573	0.0	0.007482692	0.0	0.027604753	0.013565947	0.012202067	0.0	0.008142586	0.017659841	0.020908969	0.028703723
otu_730	0.0	0.032996558	0.010089628	0.0	0.105155595	0.009113409	0.033646636	0.02239928	0.0	0.008183804	0.0	0.054450825	0.0260163	0.045998827	0.076068506	0.0	0.038937695	0.13104723	0.2321232	0.21379253
otu_731	0.06389466	0.049512766	0.06298156	0.029680563	0.041552804	0.007150433	0.004074897	0.025722189	0.06871842	0.0	0.021601563	0.0	0.12867273	0.016250378	0.03799338	0.0	0.0	0.023971206	0.021085447	0.034073807
otu_734	0.045010153	0.019807499	0.10659643	0.08240869	0.0189351	0.004969878	0.0	0.015963808	0.12867437	0.0	0.06007423	0.0	0.11712546	0.010917715	0.050044503	0.0	0.0	0.011889553	0.006564502	0.012140815
otu_735	0.34888652	0.033162847	0.03465251	0.012805878	0.03170517	0.0	0.017437948	0.007278109	0.051671002	0.0	0.007610783	0.0	0.07945971	0.06562381	0.043364502	0.0	0.0	0.02464926	0.06703976	0.09888119
otu_737	0.016379803	0.0	0.08296942	0.028354721	0.007998954	0.006948016	0.0	0.005248466	0.1685473	0.0	0.02271339	0.0	0.15326668	0.02453577	0.0	0.0	0.0	0.0	0.01966735	0.03259448
otu_738	0.0	0.018808758	0.013447452	0.008514822	0.004107039	0.0	0.0	0.016340502	0.0	0.0	0.00408408	0.0	0.12618753	0.08580116	0.0	0.0	0.0	0.008767602	0.118302636	0.08965597
otu_741	0.0	0.0	0.06763074	0.0	0.0	0.014329773	0.0	0.0	0.41005483	0.007078547	0.0	0.0	0.032350145	0.0	0.0	0.0	0.0	0.0	0.0	0.008273068
otu_742	0.0	0.0	0.0	0.0	0.0	0.0	0.0	0.0	0.0	0.0	0.0	0.0	0.0	0.0	0.0	0.0	0.0	0.0	0.10795405	0.035084046
otu_743	0.00711634	0.031543862	0.012380153	0.0	0.02454255	0.015710846	0.00340882	0.15381142	0.0	0.015106372	0.0	0.0	0.0	0.013046651	0.012426319	0.0	0.0	0.010713838	0.01105463	0.008454424
otu_744	0.017438948	0.0	0.31350657	0.01415791	0.0	0.008140069	0.0	0.0	0.29733446	0.005289136	0.012647719	0.0	0.032025117	0.0	0.0	0.0	0.0	0.0	0.0	0.0
otu_745	0.022419011	0.07219111	0.0	0.0	0.08541607	0.073860966	0.033785403	0.003395626	0.017240932	0.07829514	0.0	0.030919181	0.024050323	0.14885534	0.044945985	0.013715717	0.0488069	0.0649166	0.050160687	0.018096486
otu_746	0.0	0.0	0.022712432	0.0	0.042702027	0.0	0.003508522	0.15739901	0.006801351	0.0	0.0	0.0	0.006973252	0.007294823	0.0	0.0	0.01866236	0.0	0.007797357	0.008794429
otu_748	0.0	0.012996133	0.0	0.0	0.22052197	0.0	0.0	0.0	0.0	0.0	0.0	0.0	0.0	0.0	0.13554315	0.0	0.0	0.0	0.0	0.0
otu_751	0.0	0.0	0.006599343	0.0	0.013195353	0.0	0.013077466	0.15129772	0.0	0.0	0.0	0.0	0.0	0.00961753	0.0	0.0	0.03548667	0.015044872	0.025076192	0.022343976
otu_753	0.0	0.0	0.0	0.0	0.01233066	0.07900212	0.038172275	0.0	0.0	0.16996163	0.003817901	0.01373303	0.0	0.047002956	0.0	0.018592553	0.4387696	0.0	0.0	0.0
otu_754	0.18640397	0.23071972	0.25279176	0.08637086	0.14390367	0.024802132	0.00855146	0.02746677	0.19404383	0.013321803	0.072250135	0.015566048	0.16035405	0.06827563	0.1559335	0.0	0.00560241	0.037822023	0.05373445	0.050995287
otu_759	0.11664274	0.013491256	0.21100561	0.0344958	0.07150847	0.012758972	0.0	0.005577383	0.38218853	0.00949009	0.031199157	0.0	0.011308019	0.0	0.04406705	0.0	0.0	0.0	0.0	0.0
otu_761	0.0	0.11334426	0.008438653	0.0	0.062497105	0.06197662	0.024923174	0.007359998	0.0	0.091500826	0.0	0.015757464	0.028351929	0.11334971	0.056134354	0.0	0.011335395	0.049354613	0.08141223	0.06902216
otu_762	0.22726887	0.024993224	0.056588892	0.16710189	0.006414019	0.008685357	0.022555348	0.051711015	0.3400879	0.0	0.12105909	0.0	0.42782643	0.01048231	0.02959881	0.0	0.0	0.032571986	0.018723272	0.03509725
otu_763	0.06883917	0.00800556	0.16637862	0.009815579	0.02083115	0.004775396	0.0	0.02192219	0.12657298	0.0	0.007507761	0.0	0.020227153	0.0	0.022932148	0.0	0.0	0.0	0.0	0.0
otu_764	0.0	0.0	0.0	0.0	0.00724903	0.0	0.045178607	0.0	0.0	0.0	0.0	0.070599206	0.0	0.04717963	0.0	0.0	0.10263741	0.07561794	0.07478425	0.02848709
otu_765	0.0	0.01273302	0.009653603	0.009294718	0.0	0.0	0.0	0.0	0.0	0.0	0.004881016	0.0	0.14329845	0.063900396	0.0	0.0	0.0	0.0	0.013238149	0.014667349
otu_767	0.0	0.0	0.0	0.019934896	0.009327468	0.0	0.00948266	0.02385314	0.0	0.0	0.017408704	0.041792657	0.0	0.0	0.028674506	0.0	0.0	0.10522187	0.0	0.0
otu_773	0.0	0.012810211	0.004844182	0.0	0.03377827	0.008884816	0.064616114	0.10070182	0.010538051	0.009443424	0.0	0.03814745	0.009349678	0.018101847	0.024681497	0.008583071	0.04276121	0.104373544	0.0307267	0.025246723
otu_774	0.009005989	0.02103959	0.020470453	0.0	0.091141835	0.0	0.0	0.053123984	0.16490787	0.0	0.007525228	0.023936983	0.011108857	0.006546964	0.088161774	0.0	0.006239218	0.034620937	0.0	0.1251444
otu_775	0.0	0.027574642	0.0	0.00844759	0.222897	0.0	0.0	0.0	0.011528877	0.0	0.005969528	0.0	0.0	0.0	0.07823661	0.0	0.0	0.0	0.0	0.0
otu_776	0.011472735	0.013354627	0.04511197	0.014628927	0.03485893	0.0	0.031510547	0.086544074	0.009717531	0.0	0.008343883	0.010585631	0.026358131	0.011156964	0.029393721	0.0	0.0	0.16258371	0.04353042	0.050493594
otu_777	0.0	0.0	0.23784845	0.026767423	0.006873672	0.0	0.0	0.0	0.03593262	0.0	0.025006898	0.0	0.028366877	0.0	0.0	0.0	0.0	0.0	0.004999817	0.014651803
otu_782	0.0	0.016987335	0.0	0.0	0.24259701	0.0	0.0	0.0	0.0	0.0	0.0	0.0	0.0	0.0	0.05011123	0.0	0.0	0.0	0.0	0.0
otu_783	0.0	0.0	0.14444034	0.015287185	0.0	0.0	0.0	0.0	0.019751709	0.0	0.014550971	0.0	0.015733453	0.0	0.0	0.0	0.0	0.0	0.0	0.00826385
otu_784	0.0	0.034917515	0.005267622	0.0	0.0	0.0	0.0	0.0	0.0	0.0	0.0	0.0	0.024312638	0.069788076	0.07939704	0.0	0.0	0.010538111	0.2149156	0.19148166
otu_789	0.0	0.0	0.031436495	0.041843805	0.012615221	0.0	0.0	0.0	0.32951373	0.0	0.033797447	0.0	0.009626436	0.0	0.0	0.0	0.0	0.0	0.0	0.0
otu_793	0.0256696	0.109873295	0.0	0.01526935	0.008091805	0.14142673	0.04722989	0.038320884	0.017686909	0.20457515	0.006392779	0.009215689	0.09361183	0.23231634	0.014516883	0.0	0.006260883	0.06029138	0.20241965	0.13970941
otu_794	0.006347951	0.0	0.16355309	0.013499514	0.006943921	0.0	0.0	0.0	0.030593444	0.0	0.011312322	0.0	0.04009507	0.009290001	0.0	0.0	0.0	0.0	0.009654603	0.015959036
otu_797	1.6454073	0.034712836	0.122153394	0.0	0.017348126	0.031668767	0.0	0.023528226	0.7165277	0.024847284	0.0	0.0	0.02087139	0.01860672	0.0	0.0	0.0	0.0	0.0	0.0
otu_801	0.0	0.06949965	0.020332059	0.023429735	0.056436874	0.010699625	0.026829375	0.016259173	0.0	0.010132535	0.01361368	0.012956088	0.0715875	0.17588337	0.040102214	0.0	0.012468975	0.054141086	0.21496193	0.19998321
otu_802	0.0	0.0	0.0	0.0	0.0	0.0	0.01497549	0.00638799	0.0	0.0	0.0	0.00736719	0.0	0.051651258	0.0	0.0	0.004357124	0.016207896	0.13481912	0.06717838
otu_805	0.012825617	0.0	0.009097485	0.0	0.0	0.0	0.025371235	0.13960436	0.022706594	0.0	0.0	0.0	0.018161038	0.008659921	0.0	0.0	0.0	0.030376978	0.017151056	0.026591625
otu_808	0.0	0.044214234	0.010604186	0.0	0.062937364	0.01923919	0.034489255	0.021631662	0.0	0.018225461	0.0	0.021825582	0.021892084	0.052101772	0.04648891	0.0	0.018620064	0.07419751	0.109922834	0.1182664
otu_813	0.0	0.0	0.024567535	0.0	0.0	0.0	0.0	0.0	0.0	0.0	0.0	0.0	0.121276066	0.0	0.0	0.0	0.0	0.0	0.0	0.0
otu_814	0.0	0.0	0.013739984	0.0	0.0	0.0	0.0	0.1019383	0.0	0.0	0.0	0.0	0.0	0.0	0.0	0.0	0.0	0.0	0.0	0.0
otu_816	0.012413121	0.0	0.012538808	0.0	0.013510702	0.0	0.004960361	0.12383061	0.012465279	0.0	0.0	0.0	0.012122323	0.0101401	0.0	0.0	0.0	0.00731641	0.007647072	0.010202902
otu_818	0.0	0.0	0.007529311	0.0	0.0	0.0	0.0	0.4542904	0.0	0.0	0.0	0.0	0.0	0.0	0.0	0.0	0.0	0.0	0.0	0.0
otu_823	0.0	0.09828098	0.0	0.0	0.21943425	0.0	0.0	0.0	0.0	0.0	0.0	0.015514117	0.0	0.08112392	0.12846278	0.0	0.005106942	0.024130765	0.0	0.0
otu_826	0.006309983	0.0	0.022179889	0.0	0.0	0.005562479	0.0	0.002778334	0.10786108	0.0	0.0	0.0	0.10110704	0.0	0.0	0.0	0.0	0.0	0.0	0.0
otu_827	0.0	0.031496316	0.0	0.0	0.007681988	0.009406483	0.14750977	0.016719263	0.0	0.013217608	0.0	0.03327001	0.0	0.10471875	0.0	0.0	0.025521094	0.17449492	0.09125893	0.056285027
otu_829	0.0	0.012166631	0.0	0.0	0.20799255	0.005636592	0.0	0.0	0.0	0.0	0.0	0.0	0.0	0.0	1.2308645	0.0	0.0	0.0	0.0	0.0
otu_830	0.0	0.0	0.0	0.0	0.0	0.0	0.004389058	0.0	0.0	0.0	0.0	0.0	0.047154058	0.060879663	0.0	0.0	0.0	0.008626265	0.10848584	0.07104592
otu_834	0.023085687	0.012988298	0.01779313	0.028211338	0.010933551	0.0	0.0	0.0	0.13115011	0.0	0.01861456	0.0	0.35606205	0.007072526	0.034285966	0.0	0.0	0.0	0.0	0.0
otu_841	0.020478638	0.19158857	0.016796876	0.0	0.057720754	0.032153603	0.0	0.006945446	0.012510848	0.02517409	0.0	0.0	0.0	0.0	0.03479028	0.0	0.0	0.0	0.0	0.0
otu_843	0.026483407	0.0	0.32706735	0.0	0.0	0.0	0.0	0.0	0.006554805	0.0	0.0	0.0	0.0	0.0	0.0	0.0	0.0	0.0	0.0	0.0
otu_847	0.0	0.0	0.0	0.01646798	0.006809128	0.0	0.014318743	0.043235604	0.0	0.0	0.007942581	0.007458549	0.060211554	0.015334582	0.0	0.0	0.009715893	0.024314625	0.091542184	0.18180458
otu_848	0.0	0.016053459	0.034982473	0.0	0.020470763	0.012974157	0.12381926	0.061897676	0.016456014	0.010723877	0.0	0.025569241	0.012957611	0.07174364	0.021861508	0.0	0.01037909	0.07553875	0.10006027	0.0765514
otu_850	0.0	0.0	0.0	0.0	0.0	0.0	0.0	0.0	0.0	0.0	0.0	0.0	0.0	0.0	0.0	0.0	0.0	0.0	0.19657786	0.10315025
otu_851	0.007717317	0.01647929	0.006687633	0.0	0.036455825	0.0	0.05148702	0.10909441	0.0	0.0	0.0	0.006359996	0.037698325	0.071651965	0.015178227	0.0	0.01170268	0.058893364	0.08440476	0.093348555
otu_855	0.0	0.07767925	0.0	0.0	0.011792731	0.08494739	0.065080434	0.022387756	0.013772001	0.097643584	0.0	0.029859941	0.02553039	0.18057193	0.02512401	0.0	0.01717877	0.09885344	0.1998367	0.12972131
otu_860	0.0	0.03259013	0.0	0.0	0.12781933	0.0	0.004800232	0.011237269	0.0	0.0	0.0	0.105442986	0.02756764	0.043254502	0.037265487	0.0	0.036860015	0.048980743	0.0768087	0.05130334
otu_862	0.0	0.023111377	0.046301667	0.0	0.081162445	0.01817376	0.08605689	0.08954955	0.018098371	0.013697583	0.0	0.04297483	0.0175181	0.033763904	0.036818087	0.0	0.014750035	0.19319172	0.05938867	0.039019737
otu_863	0.0	0.006510836	0.018627103	0.0	0.023273861	0.0	0.016503189	0.108845286	0.0	0.0	0.0	0.008963584	0.008697555	0.012036618	0.008747991	0.0	0.019945467	0.021649444	0.016777895	0.018370306
otu_864	0.058127694	0.05779326	0.05247801	0.04044205	0.025401266	0.01943479	0.048204932	0.14330654	0.035368994	0.013028208	0.03431079	0.025689563	0.129662	0.095059805	0.044404518	0.03152435	0.0	0.05744888	0.116319284	0.100456014
otu_868	0.0	0.0	0.07363968	0.11947547	0.0	0.0	0.0	0.015157944	0.032112394	0.0	0.10586736	0.0	0.033315014	0.006306886	0.0	0.0	0.0	0.0226073	0.013667194	0.040304124
otu_869	0.0	0.008850273	0.0	0.0	0.016286053	0.0	0.107768856	0.021337027	0.0	0.0	0.0	0.049668185	0.0	0.04261926	0.0	0.0	0.08346473	0.1410378	0.033965424	0.028691536
otu_871	0.0	0.060673065	0.0	0.0	0.0	0.026608396	0.0	0.0	0.0	0.029451601	0.0	0.0	0.0	0.13167122	0.0	0.0	0.0	0.0	0.26138988	0.21240455
otu_872	0.0	0.0	0.19005011	0.037817344	0.0	0.0	0.005239568	0.027891962	0.059958708	0.0	0.021588437	0.0	0.02791076	0.014156251	0.0	0.0	0.0	0.0	0.0	0.0
otu_874	0.2565288	0.018112978	0.03074278	0.0	0.03938245	0.0	0.004760337	0.003404771	0.042176377	0.0	0.005588779	0.0	0.09908965	0.018387925	0.055011716	0.0	0.0	0.02022767	0.017642297	0.027848586
otu_875	0.0	0.030497292	0.057572562	0.122304134	0.040816694	0.0	0.023205517	0.014446657	0.0	0.0	0.11825856	0.010610159	0.10091084	0.059402306	0.034730256	0.0	0.006667078	0.04540022	0.09832932	0.14305253
otu_879	0.01763052	0.0	0.2046861	0.049214467	0.04986873	0.0	0.0	0.0	0.043976936	0.0	0.024018688	0.011284241	0.16160874	0.008343115	0.055755828	0.0	0.0	0.011541108	0.0	0.0
otu_880	0.011359834	0.011263668	0.015280193	0.0	0.009720158	0.005056946	0.014682223	0.12749718	0.012341963	0.0	0.0	0.0	0.038132336	0.013639481	0.0	0.0	0.0	0.013413876	0.018035293	0.025020506
otu_881	0.0362181	0.009940932	0.7275425	0.023398835	0.0	0.014176223	0.0	0.0	1.6093513	0.009365787	0.017924959	0.0	0.010972644	0.0	0.012574711	0.0	0.0	0.0	0.0	0.0
otu_883	0.007013165	0.028229034	0.004229462	0.0	0.03325392	0.005940322	0.012886792	0.026864007	0.0	0.006274636	0.0	0.004372852	0.04257032	0.12045777	0.014190433	0.0	0.007765444	0.021511983	0.099678606	0.10946861
otu_884	0.012140347	0.015686631	0.050580524	0.0	0.14977716	0.006945369	0.0044176	0.058805387	0.022271395	0.008493071	0.0	0.0	0.00937713	0.009461893	0.011317889	0.0	0.013568485	0.006188444	0.008371858	0.009128099
otu_885	0.0	0.0	0.0	0.0	0.0	0.0	0.0	0.0	0.0	0.0	0.0	0.0	0.0	0.006733639	0.0	0.0	0.0	0.0	0.16288841	0.16535462
otu_886	0.0	0.014815195	0.0	0.012483629	0.03024096	0.0	0.007446307	0.1308344	0.0	0.0	0.009333185	0.014568347	0.0	0.0	0.034866154	0.0	0.0	0.09354329	0.0	0.0
otu_888	0.013083574	0.045116186	0.013107723	0.009296013	0.24014264	0.00674852	0.015686767	0.0	0.009646059	0.0	0.00576676	0.038069014	0.010597858	0.0	0.12577653	0.06483112	0.009860295	0.036009658	0.0	0.0
otu_891	0.0	0.0	0.006860112	0.016330631	0.0	0.0	0.005941325	0.13283531	0.0	0.0	0.011539646	0.0	0.09121665	0.019358411	0.0	0.0	0.0	0.009165394	0.055315245	0.080098204
otu_892	0.09550364	0.0467667	0.042333573	0.03821864	0.06425965	0.00563317	0.0	0.0	0.10406387	0.0	0.018713307	0.0	0.2010525	0.022067973	0.08233021	0.0	0.0	0.0	0.0052616	0.0
otu_893	0.014150596	0.0	0.033648342	0.004890707	0.0	0.0	0.017362857	0.11018957	0.0	0.0	0.0	0.0	0.019507982	0.008246363	0.0	0.0	0.0	0.015892765	0.047806475	0.06532855
otu_894	0.46747765	0.030281682	0.047568217	0.051339887	0.014049912	0.02255191	0.0	0.0	0.22223878	0.014955135	0.026376465	0.0	0.18365024	0.010090098	0.022770662	0.0	0.0	0.0	0.0	0.0
otu_896	0.023566488	0.11133866	0.039031	0.006702333	0.0	0.0	0.0	0.041484654	0.021460725	0.0	0.005255119	0.0	0.16364469	0.0	0.0	0.0	0.0	0.0	0.0	0.0
otu_898	0.5587442	0.020386197	0.13693672	0.0113939	0.0	0.029128728	0.0	0.0	0.83826685	0.016650163	0.00966389	0.0	0.031063683	0.0	0.0	0.0	0.0	0.0	0.0	0.0
otu_899	0.020653684	0.0	0.0	0.0	0.14738482	0.004226722	0.0	0.0	0.005908198	0.0	0.0	0.0	0.0	0.004987706	0.021734837	0.0	0.0	0.0	0.004470466	0.0
otu_900	0.0	0.0	0.2963624	0.0	0.0	0.0	0.0	0.0	0.04790976	0.0	0.007461972	0.0	0.009089596	0.0	0.0	0.0	0.0	0.0	0.0	0.0
