source	target	Rho
otu_661	otu_383	0.999943747181949
otu_608	otu_91	0.999906179905028
otu_497	otu_72	0.999735584347056
otu_850	otu_157	0.999734628109307
otu_863	otu_12	0.999539392655683
otu_270	otu_125	0.99944848421964
otu_444	otu_67	0.999397393710838
otu_883	otu_718	0.999348071748638
otu_773	otu_512	0.999318605569014
otu_719	otu_121	0.999176336323809
otu_691	otu_519	0.999045089851735
otu_885	otu_432	0.99885963021356
otu_814	otu_119	0.998858731474361
otu_670	otu_90	0.998769487243855
otu_280	otu_48	0.99873309023445
otu_397	otu_193	0.998701287841618
otu_382	otu_317	0.998528071711642
otu_881	otu_160	0.998398235654757
otu_782	otu_748	0.998385294028206
otu_818	otu_322	0.998377391780704
otu_306	otu_115	0.998337621710377
otu_759	otu_482	0.998139218116162
otu_573	otu_536	0.998067137733596
otu_161	otu_1	0.998035114056981
otu_814	otu_322	0.997899948590063
otu_643	otu_346	0.997754634522466
otu_322	otu_119	0.997525483816273
otu_588	otu_417	0.997249969459809
otu_386	otu_234	0.997238583742093
otu_850	otu_742	0.99706043930211
otu_432	otu_72	0.997005601138256
otu_430	otu_160	0.99698930958705
otu_329	otu_68	0.996748815361394
otu_881	otu_430	0.996660198281972
otu_744	otu_237	0.996584960177904
otu_742	otu_157	0.996576571559025
otu_489	otu_80	0.995960866707629
otu_497	otu_432	0.995769270585389
otu_270	otu_201	0.995407247294923
otu_204	otu_190	0.994787006376631
otu_622	otu_500	0.994628040273758
otu_382	otu_356	0.994476980831297
otu_818	otu_119	0.99421063529536
otu_337	otu_160	0.994120874781581
otu_808	otu_730	0.994097007488899
otu_356	otu_317	0.993988443160946
otu_300	otu_74	0.993671003120178
otu_629	otu_543	0.993527049451531
otu_885	otu_72	0.992928281326709
otu_818	otu_814	0.992909548803559
otu_508	otu_116	0.992772223341603
otu_797	otu_660	0.992647850823102
otu_53	otu_38	0.992618504650292
otu_830	otu_32	0.99252358884069
otu_881	otu_337	0.992088975979417
otu_701	otu_157	0.992015226013974
otu_201	otu_125	0.991807309110682
otu_885	otu_497	0.991759457394486
otu_744	otu_670	0.991566457253882
otu_744	otu_90	0.991408946967355
otu_430	otu_337	0.990988804470666
otu_763	otu_640	0.990881075293406
otu_587	otu_39	0.990769019504543
otu_577	otu_409	0.990753097659326
otu_862	otu_848	0.990736397153472
otu_655	otu_4	0.990723559691031
otu_346	otu_306	0.990589968131815
otu_415	otu_406	0.990519557207836
otu_727	otu_31	0.990308088604555
otu_237	otu_90	0.98959722890236
otu_691	otu_510	0.989397501908173
otu_670	otu_237	0.989325552270438
otu_346	otu_115	0.989056292173851
otu_850	otu_701	0.988867862262956
otu_808	otu_761	0.988812715425983
otu_621	otu_352	0.986993905383852
otu_493	otu_12	0.986736240700671
otu_898	otu_545	0.986725436950909
otu_116	otu_80	0.986242019464433
otu_863	otu_493	0.985627298842708
otu_763	otu_209	0.985496651536719
otu_175	otu_125	0.985349197959666
otu_508	otu_80	0.985217862749433
otu_270	otu_175	0.985115582035983
otu_801	otu_727	0.984797532708457
otu_346	otu_154	0.984232417581729
otu_860	otu_183	0.984000409709029
otu_643	otu_115	0.983922188888808
otu_519	otu_510	0.983816059892548
otu_306	otu_154	0.983548913549269
otu_742	otu_701	0.983442820298699
otu_643	otu_306	0.982862727345406
otu_801	otu_31	0.982184388481174
otu_245	otu_125	0.981978703602898
otu_640	otu_209	0.981812332792001
otu_508	otu_489	0.980446256383085
otu_201	otu_175	0.980436045286001
otu_154	otu_115	0.980299703085401
otu_763	otu_224	0.979670157550883
otu_270	otu_245	0.979539640755317
otu_875	otu_520	0.979231024927502
otu_489	otu_116	0.97909860467335
otu_643	otu_154	0.978653432937699
otu_531	otu_29	0.976800482810892
otu_802	otu_574	0.976621200061428
otu_848	otu_344	0.975355536937888
otu_813	otu_234	0.974632791288137
otu_808	otu_66	0.97235731839423
otu_761	otu_730	0.972005381096328
otu_734	otu_3	0.970511930731131
otu_813	otu_386	0.968546508345943
otu_224	otu_209	0.967980088114035
otu_730	otu_66	0.967967003836661
otu_245	otu_175	0.966596469351439
otu_862	otu_344	0.965593542766025
otu_635	otu_312	0.965218194189475
otu_245	otu_201	0.964786233567262
otu_640	otu_224	0.96321272510099
otu_762	otu_731	0.963146340376212
otu_754	otu_356	0.962030732602387
otu_131	otu_91	0.954850399043408
otu_754	otu_382	0.952196712743353
otu_608	otu_131	0.951938706930125
otu_754	otu_317	0.945199774320476
otu_735	otu_319	0.941914108218095
otu_711	otu_317	0.941773916841298
otu_711	otu_382	0.941771315831687
otu_761	otu_66	0.941039535042479
otu_753	otu_636	0.938635572714071
otu_673	otu_204	0.929440556896895
otu_711	otu_356	0.928793450672062
otu_830	otu_280	0.928154925088056
otu_138	otu_22	0.928048872977175
otu_538	otu_14	0.927996019725818
otu_898	otu_337	0.92796011094222
otu_482	otu_350	0.927853636474768
otu_673	otu_145	0.927845432653622
otu_284	otu_209	0.926001143826494
otu_830	otu_48	0.925696303406744
otu_673	otu_190	0.925407407237683
otu_869	otu_80	0.92505586530346
otu_300	otu_161	0.924851133381227
otu_711	otu_22	0.924592881926391
otu_892	otu_261	0.924236254783882
otu_759	otu_350	0.924175300979209
otu_655	otu_643	0.923457060772554
otu_280	otu_32	0.92330729763808
otu_711	otu_653	0.922776685172592
otu_827	otu_357	0.922576291636082
otu_48	otu_32	0.921806721248202
otu_655	otu_561	0.921710508546525
otu_670	otu_330	0.921328906310024
otu_300	otu_1	0.920341472722408
otu_744	otu_330	0.920009061232718
otu_764	otu_477	0.919972709969578
otu_764	otu_80	0.919910505374587
otu_802	otu_489	0.919704297516378
otu_416	otu_84	0.919540186108083
otu_869	otu_489	0.918731314007443
otu_640	otu_284	0.91871694428994
otu_894	otu_206	0.918249112343884
otu_869	otu_508	0.918085801159719
otu_802	otu_477	0.918046473433454
otu_898	otu_881	0.917900148657862
otu_655	otu_346	0.916871871544329
otu_763	otu_284	0.916694539391792
otu_869	otu_116	0.916691575723256
otu_477	otu_191	0.916565690861904
otu_898	otu_430	0.916552058548115
otu_574	otu_116	0.916305044004571
otu_643	otu_4	0.916027449510141
otu_898	otu_237	0.915576581684429
otu_759	otu_209	0.915266079587342
otu_892	otu_124	0.914898863433612
otu_834	otu_261	0.914395309627677
otu_330	otu_90	0.914261630514874
otu_898	otu_670	0.914231735331368
otu_763	otu_759	0.91389393216639
otu_545	otu_337	0.913838317854454
otu_764	otu_489	0.913175420339108
otu_898	otu_90	0.913144667130239
otu_898	otu_744	0.911444046825347
otu_871	otu_359	0.910943513731989
otu_894	otu_261	0.91064441443681
otu_763	otu_482	0.910560632762574
otu_574	otu_263	0.910512338755252
otu_886	otu_767	0.910476991170275
otu_802	otu_80	0.91035993714326
otu_898	otu_160	0.910150185919983
otu_640	otu_482	0.909779604366102
otu_482	otu_209	0.909733726316968
otu_777	otu_164	0.90949686130194
otu_759	otu_640	0.909215252819261
otu_721	otu_558	0.908757745432683
otu_533	otu_263	0.907946819042801
otu_588	otu_275	0.907749869271572
otu_892	otu_206	0.907463293351818
otu_574	otu_508	0.907317071188052
otu_430	otu_116	-0.906806628408911
otu_532	otu_69	0.906641701839682
otu_574	otu_489	0.906305625459826
otu_802	otu_759	-0.906049829708099
otu_327	otu_254	0.905505398210158
otu_135	otu_103	0.905473501046031
otu_246	otu_67	-0.905436882253944
otu_346	otu_4	0.905375442103417
otu_417	otu_275	0.905201025670958
otu_489	otu_430	-0.90503922702969
otu_267	otu_67	0.904956774515496
otu_284	otu_224	0.904475464898912
otu_237	otu_183	-0.904473232037585
otu_670	otu_545	0.904329225183241
otu_802	otu_482	-0.90400363252098
otu_160	otu_116	-0.903403834281298
otu_545	otu_90	0.903168948651433
otu_829	otu_748	0.903121857171057
otu_444	otu_267	0.902852620970283
otu_430	otu_80	-0.902835908726945
otu_574	otu_80	0.902549639588767
otu_891	otu_232	0.902206310517107
otu_161	otu_74	0.901953695531298
otu_330	otu_267	0.901851452408579
otu_744	otu_183	-0.901820465302987
otu_489	otu_160	-0.901549088503595
otu_444	otu_246	-0.901477894195397
otu_499	otu_286	0.901212451628941
otu_650	otu_440	0.900993203645459
otu_330	otu_237	0.900437500757376
otu_545	otu_430	0.899932834644615
otu_550	otu_439	0.899741671747312
otu_160	otu_80	-0.899427407868608
otu_759	otu_477	-0.899187165898178
otu_881	otu_489	-0.8991164687716
otu_881	otu_116	-0.898999881214371
otu_659	otu_107	0.898698034063085
otu_526	otu_499	0.898390202192687
otu_74	otu_1	0.897691692953819
otu_783	otu_164	0.897168060002018
otu_896	otu_447	0.896145058345867
otu_263	otu_206	-0.896025007861831
otu_533	otu_116	0.895227946443134
otu_881	otu_80	-0.895108300897232
otu_829	otu_782	0.894888609975806
otu_881	otu_545	0.894805069874997
otu_545	otu_318	0.894733338478964
otu_783	otu_67	0.894692069539653
otu_698	otu_387	0.89441856890769
otu_493	otu_183	0.894260231162896
otu_783	otu_444	0.894174102722572
otu_860	otu_237	-0.893950846078452
otu_670	otu_183	-0.893657366394595
otu_477	otu_224	-0.893428823975088
otu_802	otu_116	0.893153782779998
otu_559	otu_201	0.892638988094106
otu_763	otu_477	-0.892558955972235
otu_536	otu_230	0.89222937481267
otu_559	otu_270	0.89179269699344
otu_561	otu_4	0.891521016028143
otu_533	otu_489	0.891489534674127
otu_860	otu_744	-0.890545195638714
otu_482	otu_477	-0.890368249969966
otu_894	otu_533	-0.890343407935248
otu_759	otu_224	0.890317127604284
otu_573	otu_230	0.890255675588561
otu_898	otu_318	0.890248209556249
otu_640	otu_477	-0.890207292565939
otu_183	otu_90	-0.889809192748401
otu_477	otu_209	-0.889577978138215
otu_545	otu_237	0.88928387254989
otu_559	otu_125	0.889011618062139
otu_654	otu_531	0.888867238612836
otu_343	otu_227	0.888851966736849
otu_545	otu_160	0.888430011950039
otu_558	otu_280	0.888384144488364
otu_508	otu_430	-0.888377243130088
otu_653	otu_22	0.888346706915691
otu_258	otu_181	0.888310274216699
otu_802	otu_209	-0.888130943658582
otu_95	otu_19	0.887994789952835
otu_670	otu_299	0.88789515291187
otu_655	otu_306	0.887879863873244
otu_654	otu_29	0.887859960823158
otu_789	otu_164	0.887660362735318
otu_533	otu_80	0.887602862651693
otu_558	otu_48	0.887214597898168
otu_299	otu_90	0.887009836928016
otu_847	otu_316	0.886923427848322
otu_851	otu_493	0.886461957035364
otu_508	otu_160	-0.884919467011261
otu_894	otu_263	-0.884739117838123
otu_802	otu_508	0.884573537361962
otu_168	otu_69	0.884456913531609
otu_201	otu_198	0.88428880656155
otu_802	otu_640	-0.884030536903151
otu_744	otu_545	0.883986241994669
otu_823	otu_626	0.883943691072623
otu_296	otu_295	-0.883499685825618
otu_356	otu_138	0.88334972196879
otu_533	otu_113	-0.88333155570918
otu_668	otu_460	0.883313610455701
otu_97	otu_19	0.883311334990256
otu_482	otu_224	0.882614349952491
otu_655	otu_115	0.882578996118287
otu_860	otu_670	-0.882521822007965
otu_881	otu_508	-0.882424390313059
otu_717	otu_311	0.882188615713812
otu_318	otu_54	-0.882105073833815
otu_370	otu_139	0.880679281115571
otu_533	otu_508	0.880348409238894
otu_67	otu_5	-0.879968151954124
otu_894	otu_574	-0.879890961083936
otu_263	otu_261	-0.879392665507815
otu_826	otu_541	0.878996536895354
otu_337	otu_116	-0.878635752258204
otu_592	otu_95	0.878432383827924
otu_753	otu_327	0.878042104973064
otu_337	otu_14	0.878009927005541
otu_284	otu_92	-0.878003467710361
otu_574	otu_139	0.877960573232857
otu_789	otu_67	0.877806211436101
otu_860	otu_90	-0.877768052779168
otu_851	otu_12	0.877685615169487
otu_670	otu_493	-0.877618594330839
otu_587	otu_482	0.877587834981227
otu_444	otu_5	-0.877197977230187
otu_246	otu_5	0.877061126139686
otu_759	otu_587	0.876999817155704
otu_863	otu_851	0.8769993850305
otu_860	otu_493	0.876658694833516
otu_559	otu_245	0.876380976697601
otu_789	otu_444	0.876050641206067
otu_270	otu_198	0.875701199652255
otu_711	otu_138	0.875392161216225
otu_288	otu_3	0.874574514192532
otu_337	otu_80	-0.874474002569568
otu_382	otu_138	0.874017348037893
otu_489	otu_337	-0.873779855659449
otu_204	otu_145	0.87362354558987
otu_306	otu_4	0.873042314171285
otu_410	otu_1	0.873014501767361
otu_617	otu_520	0.872485764536194
otu_397	otu_53	0.872296766261646
otu_559	otu_175	0.871865434443417
otu_655	otu_154	0.871757739968244
otu_628	otu_493	0.871354405922079
otu_115	otu_4	0.871299786562387
otu_703	otu_558	0.871201600210448
otu_198	otu_125	0.87084915234866
otu_744	otu_430	0.870218091609682
otu_863	otu_628	0.870116886506014
otu_430	otu_237	0.869738436760432
otu_719	otu_325	0.869615612363673
otu_687	otu_4	0.869564522915509
otu_198	otu_175	0.86952623787167
otu_881	otu_14	0.869453583632224
otu_827	otu_154	0.869408532238081
otu_677	otu_125	0.869387789602496
otu_677	otu_270	0.869348062157856
otu_628	otu_12	0.869280987528344
otu_764	otu_508	0.86888191602035
otu_721	otu_550	0.86847331434712
otu_561	otu_254	0.868342157736901
otu_357	otu_284	-0.867858556016982
otu_317	otu_138	0.867356593960124
otu_493	otu_90	-0.867315605203271
otu_430	otu_14	0.867150894065488
otu_325	otu_121	0.867128094559628
otu_430	otu_90	0.867107431089453
otu_843	otu_438	0.866976830682942
otu_881	otu_237	0.865895215252784
otu_160	otu_14	0.865629621880143
otu_670	otu_430	0.865487783140726
otu_193	otu_53	0.865096575952937
otu_881	otu_744	0.864786998864123
otu_802	otu_763	-0.86470776482504
otu_869	otu_430	-0.863648031059642
otu_875	otu_617	0.863622248652005
otu_789	otu_5	-0.863498331894673
otu_655	otu_609	-0.86347000555155
otu_493	otu_237	-0.863344165798802
otu_746	otu_376	0.863036824642998
otu_677	otu_201	0.862808393362873
otu_896	otu_92	-0.862657164071341
otu_900	otu_67	0.862459169227846
otu_827	otu_306	0.862171084130355
otu_337	otu_237	0.861869219597952
otu_892	otu_263	-0.861654201847942
otu_885	otu_850	0.861590702991725
otu_885	otu_157	0.861540658798992
otu_900	otu_577	0.861519941834496
otu_574	otu_261	-0.861330753805511
otu_764	otu_92	0.861275726096347
otu_892	otu_834	0.861084588978005
otu_894	otu_116	-0.860432511731088
otu_402	otu_288	0.859980136870376
otu_883	otu_5	0.859857655189357
otu_718	otu_5	0.858957224308011
otu_863	otu_667	0.858794852335691
otu_410	otu_161	0.858762164182777
otu_667	otu_12	0.858624716037326
otu_667	otu_493	0.858427442578745
otu_482	otu_421	0.85832497344254
otu_670	otu_337	0.85825148927794
otu_337	otu_90	0.857659507363621
otu_508	otu_337	-0.857319612711736
otu_224	otu_92	-0.857230395035358
otu_687	otu_655	0.856831978082551
otu_183	otu_12	0.85637129254702
otu_816	otu_805	0.856245348294989
otu_881	otu_670	0.856224175862644
otu_215	otu_169	0.855858356127327
otu_723	otu_157	0.855694250346724
otu_894	otu_802	-0.85558822615703
otu_744	otu_337	0.855177898548777
otu_881	otu_90	0.855022121736518
otu_565	otu_531	0.85480774638134
otu_723	otu_701	0.854804867629466
otu_628	otu_545	-0.854755321684393
otu_850	otu_723	0.854620025794546
otu_863	otu_183	0.854597809581501
otu_533	otu_318	-0.854569622944823
otu_885	otu_701	0.854233754633504
otu_759	otu_191	-0.854072885860178
otu_864	otu_256	0.853890991024041
otu_789	otu_246	-0.853781645306108
otu_874	otu_735	0.853716497877107
otu_296	otu_206	0.85301270922697
otu_643	otu_561	0.852909152883565
otu_869	otu_160	-0.852803077433436
otu_193	otu_172	0.85252780838789
otu_237	otu_160	0.852511466336602
otu_759	otu_421	0.852202394046131
otu_734	otu_731	0.852041989683424
otu_489	otu_477	0.852040313326098
otu_885	otu_742	0.851743661669839
otu_748	otu_691	0.851739080999126
otu_744	otu_493	-0.851727698585808
otu_881	otu_869	-0.851666123967004
otu_561	otu_346	0.851624981884431
otu_677	otu_175	0.851599286605975
otu_900	otu_409	0.851531203542727
otu_184	otu_10	0.851067466631561
otu_827	otu_115	0.850928809181782
otu_869	otu_827	0.850870136649809
otu_565	otu_29	0.85079257495789
otu_533	otu_261	-0.85070218434173
otu_462	otu_316	-0.85070109496383
otu_894	otu_489	-0.850673509729223
otu_245	otu_198	0.85062180947957
otu_808	otu_718	0.850503871444158
otu_744	otu_160	0.850429015075768
otu_539	otu_462	0.850391204292104
otu_802	otu_263	0.850209435736568
otu_900	otu_444	0.849876628636809
otu_869	otu_764	0.849205783611132
otu_894	otu_337	0.8491909826017
otu_561	otu_92	0.849054068993293
otu_764	otu_116	0.848971300170072
otu_677	otu_245	0.848906448986198
otu_734	otu_288	0.848886509212717
otu_759	otu_489	-0.848579185234026
otu_508	otu_184	0.848052116870661
otu_477	otu_80	0.848030409478362
otu_533	otu_312	0.847977953262003
otu_311	otu_250	0.847883215353092
otu_397	otu_172	0.847852263721415
otu_754	otu_711	0.847632199709417
otu_545	otu_299	0.847508572558669
otu_258	otu_38	0.847485840892044
otu_299	otu_237	0.847439343504876
otu_489	otu_482	-0.847316210285967
otu_609	otu_346	-0.847023769804637
otu_754	otu_108	0.846978185250866
otu_589	otu_493	-0.846712935931449
otu_261	otu_206	0.846433632791665
otu_898	otu_183	-0.846278993288913
otu_894	otu_430	0.846092849030748
otu_748	otu_510	0.846067939508805
otu_802	otu_139	0.845907402437439
otu_783	otu_314	-0.845868011059959
otu_748	otu_519	0.845867032070747
otu_894	otu_160	0.845748446124647
otu_723	otu_201	0.845560684707919
otu_566	otu_435	0.84503420879637
otu_883	otu_808	0.845015864096114
otu_609	otu_4	-0.84500299941388
otu_896	otu_609	0.844958877782025
otu_184	otu_80	0.844872898968428
otu_261	otu_124	0.844450269809771
otu_357	otu_10	0.843765874196555
otu_154	otu_4	0.843738075792776
otu_894	otu_881	0.843665071852759
otu_160	otu_90	0.843558363471305
otu_190	otu_145	0.843458792767138
otu_730	otu_718	0.843440270978931
otu_860	otu_12	0.843370657585372
otu_670	otu_160	0.843315070390948
otu_744	otu_267	0.843249605281447
otu_744	otu_299	0.84300612838877
otu_898	otu_276	0.842895403575272
otu_894	otu_80	-0.842544614549757
otu_397	otu_38	0.842396468715937
otu_506	otu_207	0.842191915651947
otu_284	otu_10	-0.841983048733028
otu_742	otu_723	0.841783937093569
otu_184	otu_116	0.841675548413009
otu_574	otu_482	-0.84135064459591
otu_759	otu_80	-0.841328502521909
otu_894	otu_482	0.841128425020482
otu_782	otu_691	0.84109969640592
otu_759	otu_284	0.840926612507175
otu_493	otu_299	-0.840762726590503
otu_759	otu_574	-0.840683823967626
otu_574	otu_206	-0.840282850635532
otu_482	otu_80	-0.839988047715198
otu_520	otu_87	0.839970330502545
otu_397	otu_383	0.839773109260432
otu_670	otu_12	-0.839629319655726
otu_643	otu_609	-0.839621973228659
otu_643	otu_314	0.839605420433601
otu_764	otu_224	-0.83945500385842
otu_193	otu_38	0.839387239543683
otu_763	otu_191	-0.839258659536064
otu_863	otu_860	0.839072912954785
otu_482	otu_337	0.83905046139398
otu_574	otu_477	0.83903274302657
otu_731	otu_3	0.838970490735296
otu_314	otu_115	0.838822351138011
otu_661	otu_397	0.838792120988274
otu_698	otu_447	0.838685015504331
otu_263	otu_116	0.838627188015711
otu_224	otu_191	-0.838398915172209
otu_862	otu_808	0.838155261250558
otu_580	otu_97	0.8381328915055
otu_827	otu_346	0.838002110752789
otu_396	otu_91	0.83798789477213
otu_678	otu_489	-0.837887459028636
otu_608	otu_396	0.837656653661244
otu_489	otu_184	0.837471132169967
otu_863	otu_670	-0.837434523143336
otu_761	otu_718	0.837412427383252
otu_782	otu_519	0.837300655484005
otu_482	otu_160	0.837286559548577
otu_883	otu_730	0.837065969655756
otu_862	otu_66	0.836789670120019
otu_432	otu_157	0.836753699455276
otu_850	otu_432	0.836713223296067
otu_827	otu_92	0.836633916676665
otu_625	otu_438	0.836433203937192
otu_508	otu_139	0.836233005461333
otu_561	otu_306	0.836074221446582
otu_350	otu_48	-0.836034865307248
otu_862	otu_512	0.836021124420419
otu_881	otu_482	0.835932978005055
otu_827	otu_202	-0.835782878862449
otu_396	otu_131	0.834537324337113
otu_881	otu_759	0.834359996698196
otu_237	otu_14	0.834356496245659
otu_759	otu_160	0.834271487139115
otu_609	otu_154	-0.834206567853666
otu_346	otu_314	0.834049341128835
otu_482	otu_191	-0.833753217475504
otu_894	otu_759	0.833718630410906
otu_727	otu_617	0.833663908486602
otu_681	otu_603	0.833439383366362
otu_759	otu_337	0.8334025123785
otu_678	otu_116	-0.833310191132503
otu_883	otu_761	0.833215225085573
otu_848	otu_808	0.833166029074015
otu_545	otu_493	-0.833134912428104
otu_827	otu_29	-0.833118015858023
otu_802	otu_261	-0.832999008975344
otu_654	otu_357	-0.832926095351141
otu_862	otu_730	0.832798231547497
otu_561	otu_115	0.832537479296119
otu_261	otu_209	0.832524927719869
otu_482	otu_430	0.832522436469089
otu_518	otu_3	-0.832522253792741
otu_759	otu_39	0.832431069770567
otu_869	otu_183	0.83216552483817
otu_314	otu_306	0.832096812767524
otu_869	otu_574	0.832062233243144
otu_783	otu_777	0.832059675266075
otu_754	otu_138	0.832038946533695
otu_759	otu_430	0.831917104119973
otu_462	otu_343	0.831866629659266
otu_869	otu_802	0.831816419118779
otu_224	otu_202	0.831691325668788
otu_482	otu_39	0.831589635811084
otu_734	otu_506	0.831326132479667
otu_764	otu_191	0.831252944048084
otu_561	otu_327	0.831222027642129
otu_894	otu_508	-0.831141828117629
otu_802	otu_764	0.831024561308181
otu_139	otu_116	0.830927819737404
otu_660	otu_316	-0.830885707319826
otu_869	otu_202	-0.830743213717321
otu_520	otu_297	0.830666528984923
otu_678	otu_430	0.830316246893255
otu_701	otu_432	0.830299736181703
otu_482	otu_284	0.830236700001182
otu_847	otu_841	-0.830221253206404
otu_782	otu_510	0.830021751498353
otu_350	otu_280	-0.829942679011544
otu_678	otu_113	0.829936752996766
otu_533	otu_206	-0.829902260652773
otu_802	otu_191	0.829900657612427
otu_447	otu_330	0.829835897404386
otu_848	otu_512	0.82980141126113
otu_678	otu_80	-0.829783561973243
otu_794	otu_737	0.829736628333433
otu_763	otu_92	-0.829456150985852
otu_762	otu_406	0.829362270430762
otu_350	otu_32	-0.829341289952718
otu_545	otu_276	0.829108341768715
otu_848	otu_66	0.829095245415958
otu_723	otu_175	0.829055278659598
otu_295	otu_263	0.829052116509672
otu_898	otu_628	-0.829029396787337
otu_382	otu_22	0.828974238152343
otu_311	otu_305	0.828876009206866
otu_898	otu_330	0.828851326455984
otu_847	otu_71	0.828756572773561
otu_497	otu_245	0.828668132001777
otu_245	otu_72	0.828611715484976
otu_764	otu_759	-0.828601153864539
otu_801	otu_617	0.828549806494752
otu_894	otu_834	0.828427797510522
otu_827	otu_561	0.828426765401801
otu_862	otu_773	0.828328716116601
otu_209	otu_191	-0.828125067780132
otu_871	otu_388	0.828074845794313
otu_299	otu_12	-0.827955470878527
otu_318	otu_90	0.827860013597263
otu_531	otu_202	0.827778584011656
otu_834	otu_10	-0.82773604094097
otu_322	otu_258	0.827582486565333
otu_90	otu_12	-0.827282879193947
otu_869	otu_744	-0.827231283724608
otu_869	otu_337	-0.827227272659726
otu_444	otu_29	0.827112849156109
otu_209	otu_92	-0.82699262159455
otu_533	otu_54	0.826956168307909
otu_653	otu_108	0.826841837323874
otu_477	otu_284	-0.826755287467316
otu_894	otu_318	0.826740589680081
otu_742	otu_432	0.82621708836169
otu_561	otu_154	0.826205110099843
otu_818	otu_258	0.826185969855503
otu_848	otu_730	0.825982648365953
otu_312	otu_206	-0.825782957641138
otu_67	otu_29	0.825664096987958
otu_272	otu_174	0.82563714666153
otu_894	otu_312	-0.8255586073841
otu_863	otu_299	-0.825486010348092
otu_258	otu_53	0.825322415942103
otu_330	otu_299	0.825185308829567
otu_863	otu_90	-0.825104553060679
otu_295	otu_139	0.824999727480499
otu_827	otu_284	-0.824921989614307
otu_626	otu_215	-0.824799107230151
otu_545	otu_447	0.824754415087755
otu_183	otu_14	-0.824665157672763
otu_383	otu_193	0.824631469749048
otu_296	otu_263	-0.824432880629861
otu_894	otu_892	0.824416392885019
otu_718	otu_66	0.824311454161813
otu_814	otu_258	0.824225115815311
otu_841	otu_71	-0.824116042598351
otu_661	otu_193	0.823971083893058
otu_761	otu_609	-0.823955454729753
otu_508	otu_263	0.82391642253691
otu_670	otu_14	0.823895734814666
otu_184	otu_154	0.823819728218658
otu_574	otu_209	-0.82340203871528
otu_609	otu_306	-0.823372975615152
otu_881	otu_183	-0.823320675493181
otu_891	otu_250	0.823182353581866
otu_430	otu_183	-0.823061140699251
otu_538	otu_276	0.82295148200007
otu_745	otu_629	0.822756066242018
otu_848	otu_773	0.822742349966089
otu_735	otu_288	0.822508894206893
otu_678	otu_508	-0.822488796429501
otu_830	otu_350	-0.822454106969645
otu_670	otu_318	0.822218138639224
otu_287	otu_100	0.82214067621664
otu_92	otu_74	0.822107196159812
otu_869	otu_191	0.822078640422051
otu_237	otu_12	-0.82204494980663
otu_789	otu_654	0.822040936673034
otu_783	otu_246	-0.821958377905905
otu_841	otu_479	0.821885936462373
otu_574	otu_533	0.821559540352102
otu_764	otu_763	-0.821376155633404
otu_827	otu_643	0.821256438885293
otu_875	otu_297	0.821181923639504
otu_318	otu_237	0.821020543697547
otu_258	otu_119	0.821004134415551
otu_317	otu_22	0.820974525359417
otu_609	otu_202	0.820831548746397
otu_545	otu_183	-0.820757499228497
otu_330	otu_154	-0.82066863564072
otu_489	otu_209	-0.820584970591308
otu_744	otu_318	0.82051125222651
otu_764	otu_482	-0.820371513081955
otu_90	otu_14	0.820367321029244
otu_763	otu_202	0.820280598418278
otu_267	otu_237	0.820031323800747
otu_863	otu_237	-0.819868358647776
otu_628	otu_318	-0.819810968711405
otu_834	otu_284	0.819764988336791
otu_883	otu_66	0.819743056973464
otu_565	otu_202	0.819493369568874
otu_296	otu_139	-0.819212368666416
otu_802	otu_587	-0.81912819832799
otu_202	otu_29	0.819050031713425
otu_744	otu_14	0.818926955543402
otu_587	otu_477	-0.818840756586518
otu_869	otu_533	0.818763707777369
otu_654	otu_284	0.818567631598079
otu_881	otu_678	0.818359358654585
otu_834	otu_357	-0.818150078156828
otu_628	otu_54	0.818115370130589
otu_745	otu_543	0.817649478394807
otu_430	otu_318	0.817579832281637
otu_898	otu_447	0.817495940162263
otu_285	otu_69	0.817469786283978
otu_330	otu_183	-0.817397371253522
otu_477	otu_92	0.817247543672435
otu_636	otu_327	0.817223988937001
otu_862	otu_761	0.817080877994818
otu_834	otu_263	-0.816956155137524
otu_383	otu_272	0.816669686739142
otu_797	otu_316	-0.816519451681339
otu_350	otu_209	0.816465390466181
otu_258	otu_172	0.816357000910498
otu_645	otu_353	0.816322326278379
otu_409	otu_234	0.816318465713434
otu_320	otu_254	0.816284162696599
otu_640	otu_191	-0.816197170528725
otu_730	otu_609	-0.81618214881939
otu_869	otu_90	-0.8161609525054
otu_875	otu_87	0.816128302086945
otu_432	otu_245	0.815936752944422
otu_721	otu_48	0.815911626724899
otu_678	otu_160	0.815860074240969
otu_869	otu_565	-0.815824604031847
otu_267	otu_90	0.815820090692438
otu_802	otu_284	-0.815743034866897
otu_139	otu_80	0.815619876484108
otu_721	otu_280	0.815563897095327
otu_538	otu_202	0.815477440636953
otu_74	otu_10	0.815452336131696
otu_762	otu_734	0.815433159326848
otu_661	otu_272	0.815173835194334
otu_898	otu_493	-0.815027119757623
otu_898	otu_116	-0.814904632061823
otu_356	otu_22	0.814730207948016
otu_829	otu_311	-0.814549052182373
otu_640	otu_574	-0.814501857606256
otu_314	otu_154	0.814211846134811
otu_735	otu_731	0.814054793330311
otu_357	otu_209	-0.814025035439208
otu_300	otu_92	0.813907497789272
otu_898	otu_299	0.813855549638273
otu_276	otu_183	-0.813658681752233
otu_640	otu_261	0.813658503284693
otu_499	otu_435	-0.813530098543651
otu_898	otu_489	-0.813513742976533
otu_337	otu_183	-0.813468825580231
otu_609	otu_447	0.813430939184408
otu_869	otu_237	-0.813394927342305
otu_618	otu_261	-0.813282359125668
otu_808	otu_609	-0.813038339251654
otu_206	otu_124	0.812992504244253
otu_891	otu_71	0.812811653986277
otu_794	otu_777	0.812747817811305
otu_357	otu_217	-0.812715586513678
otu_589	otu_12	-0.812703350990175
otu_209	otu_80	-0.812698606635788
otu_855	otu_848	0.812563623168588
otu_300	otu_10	0.812480320483514
otu_489	otu_263	0.812236872129625
otu_670	otu_267	0.812018489195764
otu_848	otu_761	0.811975946884868
otu_625	otu_322	0.811782586913829
otu_209	otu_118	0.811685661372026
otu_409	otu_386	0.811681187635203
otu_863	otu_66	0.811582650643648
otu_209	otu_184	-0.811573027952931
otu_263	otu_80	0.811549799452415
otu_802	otu_224	-0.811428356271314
otu_728	otu_319	0.811382822650739
otu_898	otu_80	-0.810912715064028
otu_744	otu_12	-0.810910413688901
otu_869	otu_670	-0.810868559244679
otu_447	otu_276	0.810757547530847
otu_763	otu_350	0.810552967105963
otu_493	otu_66	0.810471079048111
otu_764	otu_209	-0.810466402581438
otu_493	otu_330	-0.810249574840989
otu_206	otu_116	-0.809981207624347
otu_66	otu_12	0.809760392596952
otu_892	otu_574	-0.809708443760507
otu_337	otu_276	0.809652810283886
otu_863	otu_744	-0.809623744235786
otu_830	otu_558	0.809533893973107
otu_898	otu_860	-0.809516410018433
otu_753	otu_254	0.809344648232768
otu_818	otu_625	0.809322485300954
otu_678	otu_118	0.809096567814935
otu_432	otu_201	0.8089713704113
otu_254	otu_4	0.808876315095246
otu_723	otu_270	0.808376976990204
otu_545	otu_330	0.807990038069206
otu_209	otu_10	-0.807924713604484
otu_183	otu_160	-0.807893451106183
otu_789	otu_718	-0.807892049364685
otu_827	otu_531	-0.80764391568048
otu_538	otu_337	0.807632383084609
otu_881	otu_538	0.807518133276515
otu_337	otu_318	0.807509660088063
otu_789	otu_777	0.807411277858383
otu_869	otu_154	0.807240212367201
otu_558	otu_32	0.807009148554335
otu_885	otu_201	0.806972349444605
otu_618	otu_263	0.806692805830196
otu_894	otu_635	-0.806675165744617
otu_881	otu_276	0.806600287546254
otu_164	otu_67	0.806238281258576
otu_883	otu_789	-0.806080139312666
otu_814	otu_625	0.806073064524456
otu_863	otu_589	-0.805948880199703
otu_883	otu_444	-0.805683108225794
otu_201	otu_72	0.805620113932401
otu_881	otu_318	0.805567146016784
otu_860	otu_330	-0.805553867565292
otu_267	otu_246	-0.805450529739232
otu_763	otu_489	-0.805395778231648
otu_885	otu_245	0.805212513635142
otu_444	otu_164	0.805197037056108
otu_731	otu_406	0.804940389447076
otu_261	otu_116	-0.804771199497125
otu_357	otu_306	0.804514753308016
otu_868	otu_250	0.803989855571776
otu_246	otu_164	-0.803600920549405
otu_719	otu_10	0.803471829116825
otu_891	otu_580	0.803341173867064
otu_775	otu_622	0.803284400139321
otu_330	otu_67	0.803240965607759
otu_718	otu_444	-0.80318068365107
otu_883	otu_67	-0.803054425911621
otu_497	otu_201	0.803051603802271
otu_654	otu_191	-0.803008992499281
otu_447	otu_224	0.802925997486878
otu_609	otu_115	-0.802879009527991
otu_209	otu_202	0.802873786901978
otu_580	otu_71	0.802639771465712
otu_789	otu_267	0.802591646786327
otu_851	otu_183	0.802577511772692
otu_654	otu_246	-0.802279113124629
otu_862	otu_855	0.802223834930937
otu_738	otu_452	0.802185088628227
otu_628	otu_183	0.80213144910931
otu_751	otu_508	0.802045309620574
otu_734	otu_518	-0.80186254296129
otu_538	otu_430	0.801766775109642
otu_215	otu_208	-0.801645605795286
otu_350	otu_14	0.801373412054196
otu_444	otu_330	0.801356985332802
otu_312	otu_54	0.801328226203867
otu_826	otu_462	0.800905007668443
otu_860	otu_14	-0.800769186440353
otu_107	otu_77	0.800756993655267
otu_538	otu_160	0.800604035101251
otu_718	otu_67	-0.80053386397588
otu_655	otu_254	0.800416190345653
otu_762	otu_735	0.800306837924179
otu_306	otu_10	0.800306213120272
otu_489	otu_139	0.800212978702308
otu_765	otu_659	0.800127221475206
otu_640	otu_92	-0.799955295125627
otu_79	otu_53	0.799927380841302
otu_714	otu_566	0.799746643734635
otu_489	otu_261	-0.799550814290371
otu_843	otu_666	0.799519580225254
otu_545	otu_12	-0.799394502804275
otu_830	otu_201	0.799022603607638
otu_318	otu_160	0.798971010385522
otu_863	otu_545	-0.798816028104428
otu_640	otu_350	0.798800104106216
otu_850	otu_72	0.798791325456317
otu_751	otu_116	0.798688484795543
otu_635	otu_206	-0.798557922602992
otu_115	otu_10	0.798493430408538
otu_628	otu_276	-0.798475401390395
otu_783	otu_267	0.798091730027938
otu_157	otu_72	0.798053619245304
otu_640	otu_587	0.798003831646346
otu_512	otu_344	0.797881902265841
otu_723	otu_125	0.797848727150952
otu_312	otu_263	0.797789655618002
otu_154	otu_67	-0.79771253397088
otu_625	otu_119	0.797703501290326
otu_898	otu_508	-0.797649206652474
otu_850	otu_497	0.797355702882959
otu_635	otu_533	0.797259443116133
otu_246	otu_29	-0.797252439433626
otu_296	otu_40	-0.797126013480248
otu_830	otu_270	0.797062676682314
otu_545	otu_116	-0.796928616666278
otu_603	otu_55	0.79677901143535
otu_654	otu_217	0.796778471810911
otu_731	otu_319	0.796774316407765
otu_894	otu_545	0.796701006820763
otu_488	otu_439	0.796252727291655
otu_497	otu_157	0.796230394300208
otu_763	otu_261	0.796062464862246
otu_545	otu_489	-0.796055337241348
otu_79	otu_38	0.795902588180247
otu_626	otu_169	-0.795861368881449
otu_759	otu_32	-0.795831888635574
otu_261	otu_184	-0.795802622274218
otu_751	otu_489	0.795614149531955
otu_263	otu_139	0.795571572960554
otu_834	otu_827	-0.795571134019992
otu_406	otu_68	0.795541347477358
otu_789	otu_217	0.795526792516052
otu_330	otu_66	-0.795351116352312
otu_482	otu_116	-0.795285759558476
otu_526	otu_148	0.795222953154246
otu_730	otu_493	0.795213264933172
otu_829	otu_250	-0.795183174285393
otu_135	otu_16	0.795136636673816
otu_698	otu_545	0.79506430589719
otu_482	otu_32	-0.79503442929723
otu_827	otu_278	0.794828050035396
otu_327	otu_300	0.794712964501079
otu_894	otu_618	-0.794259147254099
otu_566	otu_417	0.794197215709347
otu_898	otu_894	0.794076388705745
otu_759	otu_116	-0.793952767051781
otu_830	otu_125	0.793949271990178
otu_898	otu_462	0.793906065522141
otu_794	otu_314	-0.793818328843406
otu_589	otu_299	0.793772271645922
otu_444	otu_154	-0.793602742522829
otu_250	otu_71	0.793562235774749
otu_561	otu_10	0.793481476161858
otu_775	otu_500	0.793310618618896
otu_869	otu_330	-0.793059992979078
otu_121	otu_10	0.793018947897305
otu_834	otu_124	0.793017291148168
otu_545	otu_80	-0.792881794643869
otu_802	otu_421	-0.792723014320906
otu_763	otu_587	0.792534627188241
otu_869	otu_759	-0.792493476785132
otu_763	otu_80	-0.792402362467728
otu_894	otu_869	-0.792276786500794
otu_654	otu_5	-0.792249613477685
otu_318	otu_116	-0.791911051628145
otu_834	otu_574	-0.79154938718707
otu_588	otu_566	0.79135643490589
otu_855	otu_5	0.791297698694346
otu_691	otu_230	-0.791179080233161
otu_318	otu_183	-0.791120018799314
otu_533	otu_430	-0.791098915298494
otu_617	otu_31	0.791076155007171
otu_640	otu_489	-0.791049195453169
otu_306	otu_67	-0.791000705635575
otu_519	otu_230	-0.790857278458226
otu_773	otu_344	0.790780721936395
otu_900	otu_246	-0.790760958418449
otu_653	otu_382	0.790739975308974
otu_827	otu_654	-0.790643842330279
otu_574	otu_370	0.790514905793499
otu_284	otu_74	-0.790407844866013
otu_860	otu_851	0.790377555389867
otu_496	otu_410	0.790318863727962
otu_609	otu_330	0.79025376410686
otu_430	otu_276	0.790250862780243
otu_250	otu_169	0.790209429179505
otu_813	otu_409	0.790157496462438
otu_851	otu_267	-0.790070493218176
otu_447	otu_154	-0.789881287597849
otu_402	otu_77	0.78983456426049
otu_841	otu_350	0.789681854282518
otu_834	otu_217	0.789643148087166
otu_742	otu_72	0.789589601894867
otu_202	otu_191	-0.789530079236202
otu_751	otu_80	0.789432629426882
otu_506	otu_3	0.789416829430568
otu_588	otu_397	0.789353586175845
otu_742	otu_497	0.789342219593947
otu_327	otu_74	0.789091775384374
otu_776	otu_319	0.789025186495987
otu_29	otu_5	-0.788896648287551
otu_506	otu_421	0.788858987738713
otu_764	otu_184	0.788845606642148
otu_860	otu_276	-0.788707761201874
otu_539	otu_316	-0.78869831984918
otu_357	otu_154	0.788644824679744
otu_181	otu_79	0.788513128956308
otu_430	otu_330	0.788512595646324
otu_330	otu_202	0.788503517637073
otu_653	otu_317	0.788447671181013
otu_276	otu_160	0.788445686718964
otu_588	otu_193	0.788285145671906
otu_834	otu_533	-0.788246488513973
otu_184	otu_115	0.788169930960721
otu_532	otu_168	0.788140483494283
otu_415	otu_68	0.788139134043289
otu_533	otu_160	-0.788057647400656
otu_802	otu_533	0.787903110465144
otu_802	otu_430	-0.787883199204272
otu_666	otu_409	0.787851425293031
otu_730	otu_12	0.787626242941219
otu_701	otu_72	0.7875685736641
otu_561	otu_531	-0.787496541741274
otu_764	otu_640	-0.787367777284725
otu_561	otu_202	-0.787338503359105
otu_636	otu_320	0.787333494006078
otu_763	otu_574	-0.787288956872065
otu_526	otu_295	-0.787287112550561
otu_827	otu_609	-0.7872291750611
otu_526	otu_435	-0.787127034965829
otu_559	otu_280	0.787093036954381
otu_327	otu_320	0.786997316250933
otu_558	otu_550	0.78692203335058
otu_444	otu_306	-0.786858743911722
otu_863	otu_330	-0.786835792917539
otu_863	otu_730	0.786791690238897
otu_306	otu_246	0.786724873501171
otu_753	otu_410	0.786560649496916
otu_357	otu_115	0.786333325249774
otu_561	otu_74	0.786251002555604
otu_659	otu_2	0.78624203663356
otu_261	otu_80	-0.786225267679496
otu_536	otu_519	-0.786078987649595
otu_406	otu_329	0.785779990049457
otu_561	otu_300	0.785739178470874
otu_421	otu_350	0.78572120478499
otu_762	otu_319	0.785665512489592
otu_765	otu_2	0.785633932763952
otu_330	otu_12	-0.785462289120121
otu_874	otu_319	0.785446525200693
otu_666	otu_577	0.785339152678129
otu_587	otu_209	0.785272803043612
otu_482	otu_280	-0.785235818646618
otu_827	otu_246	0.785221586455323
otu_574	otu_184	0.785195712093927
otu_691	otu_536	-0.785192980805833
otu_489	otu_318	-0.78514438866583
otu_794	otu_526	0.78514093321523
otu_609	otu_67	0.785098636573131
otu_415	otu_329	0.784926327361447
otu_802	otu_160	-0.784747688415927
otu_678	otu_267	0.784740042399615
otu_711	otu_108	0.784739689150856
otu_477	otu_39	-0.784602515803086
otu_508	otu_482	-0.784571047246017
otu_429	otu_79	0.784463931902129
otu_350	otu_224	0.784360670431399
otu_640	otu_357	-0.78418676876096
otu_164	otu_5	-0.784095847786503
otu_759	otu_508	-0.784003717678598
otu_827	otu_209	-0.784002883697039
otu_881	otu_533	-0.783948901148299
otu_881	otu_330	0.783825715381041
otu_306	otu_184	0.783819436296374
otu_765	otu_97	0.783796163506804
otu_655	otu_92	0.783558003546307
otu_305	otu_208	-0.783475228364301
otu_701	otu_497	0.783459729759141
otu_640	otu_421	0.783459640494126
otu_609	otu_444	0.78339721419129
otu_560	otu_285	0.783348058449949
otu_869	otu_860	0.783292146905693
otu_881	otu_802	-0.782899541419249
otu_762	otu_3	0.782795075200743
otu_573	otu_519	-0.782710278342861
otu_860	otu_545	-0.782624246561903
otu_730	otu_330	-0.782602889738287
otu_892	otu_184	-0.782296726297408
otu_782	otu_523	0.78206073471106
otu_691	otu_573	-0.78203504956969
otu_270	otu_72	0.781886074050194
otu_559	otu_48	0.781786068080612
otu_350	otu_337	0.78170105317551
otu_154	otu_10	0.781640318636071
otu_855	otu_344	0.781547810394398
otu_526	otu_296	0.781483404847236
otu_896	otu_655	-0.781437706396387
otu_678	otu_184	-0.781370813092112
otu_677	otu_89	0.781343350362389
otu_748	otu_523	0.781264452943668
otu_346	otu_67	-0.781048517558396
otu_382	otu_108	0.780996353272155
otu_731	otu_352	0.780827053333671
otu_763	otu_357	-0.780537225404481
otu_215	otu_4	-0.780461811560885
otu_869	otu_482	-0.780450191791156
otu_783	otu_5	-0.780363118711385
otu_868	otu_169	0.780331748599339
otu_763	otu_32	-0.780261166883276
otu_432	otu_270	0.780101193001682
otu_508	otu_261	-0.780100948781477
otu_497	otu_270	0.780087568653167
otu_545	otu_508	-0.78003539033637
otu_508	otu_206	-0.780033435294921
otu_526	otu_286	0.779867288036675
otu_531	otu_92	-0.779604430340578
otu_830	otu_245	0.77913440258368
otu_827	otu_80	0.779039380913141
otu_287	otu_125	0.779004382952896
otu_518	otu_327	0.778998662090112
otu_135	otu_44	0.778686870877472
otu_759	otu_280	-0.778522152030057
otu_432	otu_175	0.77835816081994
otu_574	otu_10	0.778328310707322
otu_346	otu_184	0.778310335952823
otu_181	otu_172	0.778295047706923
otu_574	otu_430	-0.778293293438436
otu_387	otu_265	0.77820977926343
otu_482	otu_48	-0.778111827434071
otu_296	otu_116	-0.778037751864987
otu_827	otu_489	0.777941182144009
otu_402	otu_107	0.777938779575726
otu_287	otu_270	0.777721185343458
otu_432	otu_302	0.77758607743922
otu_764	otu_202	-0.77749980481412
otu_318	otu_80	-0.777447364276144
otu_115	otu_67	-0.777441168667367
otu_762	otu_415	0.77737821941749
otu_860	otu_628	0.77736176836023
otu_640	otu_80	-0.777310484377492
otu_855	otu_609	-0.777300802541561
otu_763	otu_421	0.777204300993527
otu_829	otu_510	0.777193326311941
otu_731	otu_415	0.777183103526142
otu_319	otu_288	0.77717970071564
otu_868	otu_659	0.777170139605254
otu_278	otu_29	-0.777032467790107
otu_444	otu_346	-0.776901079431322
otu_640	otu_10	-0.776860458736544
otu_802	otu_357	0.776593537622448
otu_508	otu_477	0.776484169493326
otu_489	otu_447	-0.776454162252353
otu_510	otu_230	-0.776429363916734
otu_487	otu_295	0.776417747336501
otu_302	otu_72	0.776414742482302
otu_753	otu_1	0.776353890206926
otu_311	otu_215	0.776230044759506
otu_847	otu_479	-0.776224171381444
otu_622	otu_48	-0.776218662113056
otu_830	otu_175	0.776109041144136
otu_346	otu_330	-0.776077607817934
otu_587	otu_224	0.77590522636764
otu_761	otu_5	0.775531445044464
otu_265	otu_90	0.775389299056487
otu_885	otu_270	0.775280865666169
otu_454	otu_344	-0.775276513170995
otu_183	otu_80	0.77519291541472
otu_574	otu_160	-0.775151613120724
otu_753	otu_161	0.775150478013524
otu_763	otu_184	-0.775118621213364
otu_508	otu_183	0.77506848872021
otu_508	otu_318	-0.775063982447576
otu_885	otu_175	0.77495860246504
otu_898	otu_12	-0.774814591155163
otu_900	otu_267	0.774769920046023
otu_802	otu_184	0.774766430156294
otu_830	otu_759	-0.774576935780996
otu_892	otu_533	-0.774565515041781
otu_802	otu_206	-0.774525651184576
otu_830	otu_482	-0.774452633982113
otu_898	otu_863	-0.774436136564371
otu_885	otu_302	0.77437766675076
otu_183	otu_116	0.774355214017796
otu_834	otu_206	0.774250420385869
otu_246	otu_115	0.774182223042111
otu_892	otu_296	0.77417443196851
otu_497	otu_302	0.774031979072158
otu_410	otu_300	0.774027545466992
otu_881	otu_574	-0.773759786009001
otu_622	otu_280	-0.773681056156635
otu_829	otu_691	0.773666032925113
otu_477	otu_116	0.773609896894526
otu_802	otu_370	0.77354661869886
otu_721	otu_439	0.773442821169603
otu_444	otu_115	-0.773263958722459
otu_635	otu_54	0.77307206643057
otu_751	otu_376	0.7729982251832
otu_175	otu_72	0.77281980371876
otu_92	otu_10	0.772385534421703
otu_489	otu_92	0.772357987185782
otu_435	otu_286	-0.772263539173636
otu_678	otu_337	0.772262881380743
otu_536	otu_510	-0.772022102821449
otu_496	otu_1	0.771973847256611
otu_640	otu_32	-0.771861281442203
otu_346	otu_246	0.771807647434437
otu_884	otu_642	0.771767927724811
otu_479	otu_421	0.771767366051486
otu_801	otu_438	-0.771670620577889
otu_489	otu_183	0.771584332596083
otu_730	otu_447	-0.771581593509168
otu_559	otu_198	0.771515410975155
otu_263	otu_124	-0.771484414808686
otu_789	otu_783	0.771470043662524
otu_719	otu_184	0.771408337365966
otu_654	otu_118	0.771392285833784
otu_508	otu_296	-0.77132656704396
otu_357	otu_191	0.771302080747168
otu_618	otu_533	0.771176008465268
otu_744	otu_154	-0.771047591750734
otu_125	otu_72	0.770913650168204
otu_764	otu_447	-0.770908142955377
otu_759	otu_48	-0.770895472965405
otu_603	otu_353	0.770833110761567
otu_869	otu_477	0.770654516507154
otu_751	otu_430	-0.770529780898119
otu_421	otu_209	0.770457112933234
otu_330	otu_306	-0.770331721431739
otu_278	otu_5	0.770305506948438
otu_561	otu_284	-0.770148605572626
otu_287	otu_175	0.770029361596177
otu_592	otu_19	0.770009345714203
otu_763	otu_447	0.76994539857925
otu_643	otu_184	0.769885797162173
otu_875	otu_452	0.769773412283571
otu_312	otu_261	-0.769642966026951
otu_753	otu_518	0.769560993488725
otu_872	otu_169	0.769459221702648
otu_493	otu_276	-0.769429722699166
otu_497	otu_125	0.76940950673344
otu_587	otu_350	0.769364970919531
otu_92	otu_80	0.769353531205237
otu_287	otu_201	0.769341706298424
otu_538	otu_183	-0.769189721235141
otu_300	otu_284	-0.769188745322495
otu_276	otu_14	0.769126909424131
otu_447	otu_202	0.769042803291135
otu_284	otu_135	0.769034486602483
otu_894	otu_296	0.76899867681109
otu_744	otu_67	0.768985218653315
otu_356	otu_108	0.768915998352244
otu_497	otu_175	0.768866077596413
otu_573	otu_510	-0.768803390960545
otu_869	otu_139	0.768703737668042
otu_489	otu_224	-0.768671970255349
otu_539	otu_9	0.768534321192472
otu_206	otu_80	-0.768504121080393
otu_493	otu_14	-0.768398810023947
otu_561	otu_184	0.768328195241584
otu_493	otu_337	-0.768179170353994
otu_721	otu_703	0.767848121176835
otu_520	otu_316	0.767817127552673
otu_432	otu_125	0.76780023095136
otu_731	otu_239	0.767742390269689
otu_447	otu_80	-0.767674871274874
otu_881	otu_860	-0.767516513045034
otu_246	otu_154	0.767319743555087
otu_802	otu_10	0.767236717170585
otu_869	otu_184	0.767163442235633
otu_561	otu_320	0.767054685392583
otu_587	otu_489	-0.766977641946956
otu_860	otu_430	-0.766953167293507
otu_763	otu_118	0.766895329878542
otu_744	otu_265	0.766887580544219
otu_900	otu_783	0.766869841326253
otu_764	otu_587	-0.766800753481895
otu_493	otu_318	-0.766783748465667
otu_267	otu_183	-0.766709235735886
otu_562	otu_217	0.766699787946564
otu_489	otu_206	-0.766514729413761
otu_893	otu_805	0.766492417270449
otu_330	otu_276	0.76642765213695
otu_834	otu_618	-0.7664232164464
otu_670	otu_447	0.76639859419958
otu_536	otu_286	0.766294864945392
otu_881	otu_350	0.76592913316696
otu_284	otu_191	-0.765919946122673
otu_881	otu_751	-0.765857149212305
otu_667	otu_344	0.765782597203498
otu_823	otu_215	-0.76560047559033
otu_574	otu_357	0.765439691398187
otu_789	otu_357	-0.765312732641675
otu_677	otu_359	0.76525761231877
otu_827	otu_10	0.765210411147501
otu_77	otu_3	0.765207045275637
otu_744	otu_444	0.765205373103732
otu_628	otu_447	-0.764928478458891
otu_533	otu_337	-0.764866543717018
otu_224	otu_118	0.764842347049734
otu_751	otu_160	-0.764822061302427
otu_330	otu_160	0.764813918491926
otu_209	otu_116	-0.764780425305469
otu_827	otu_508	0.764717543177616
otu_827	otu_116	0.764694626751892
otu_565	otu_191	-0.764597454326412
otu_447	otu_209	0.764465899575986
otu_764	otu_574	0.764426281715174
otu_643	otu_67	-0.764387601558048
otu_202	otu_92	-0.764271428123341
otu_108	otu_22	0.764267476816564
otu_574	otu_296	-0.764182801186454
otu_350	otu_160	0.764153685411572
otu_533	otu_184	0.763983130557739
otu_296	otu_148	0.763918471339525
otu_827	otu_217	-0.763904050263644
otu_337	otu_330	0.763828316667976
otu_670	otu_276	0.763796197230169
otu_829	otu_519	0.763792897026455
otu_851	otu_237	-0.763780275818293
otu_894	otu_54	-0.763755856254774
otu_487	otu_296	-0.763741450996966
otu_286	otu_148	0.763717810197361
otu_777	otu_246	-0.76362909641317
otu_202	otu_154	-0.763408110534903
otu_808	otu_5	0.763335569366503
otu_776	otu_735	0.76324710065909
otu_834	otu_802	-0.76324155309013
otu_161	otu_10	0.763240838275883
otu_103	otu_44	0.763189476818433
otu_643	otu_330	-0.76312804692522
otu_851	otu_628	0.762983425210384
otu_317	otu_108	0.762884035496085
otu_618	otu_206	-0.762821751125017
otu_678	otu_29	0.762796624608249
otu_830	otu_763	-0.762791556419057
otu_678	otu_565	0.762670572813948
otu_587	otu_191	-0.762585603682366
otu_314	otu_246	0.762441597324377
otu_302	otu_284	-0.762398706186238
otu_640	otu_118	0.76239601843322
otu_885	otu_125	0.762361417522767
otu_808	otu_330	-0.762116540409542
otu_496	otu_161	0.762078273307158
otu_628	otu_312	0.762044050191686
otu_826	otu_416	0.762042321197463
otu_447	otu_90	0.761843001501275
otu_482	otu_261	0.76178591018425
otu_762	otu_239	0.761731267204321
otu_261	otu_10	-0.761723567236783
otu_896	otu_224	0.761690928352391
otu_609	otu_29	0.761638601652836
otu_855	otu_761	0.761577822026059
otu_879	otu_217	0.761516666700091
otu_506	otu_352	0.761456559626296
otu_827	otu_67	-0.761384420041226
otu_827	otu_763	-0.76127473654488
otu_224	otu_80	-0.761268581737341
otu_635	otu_261	-0.761268014673624
otu_703	otu_280	0.761067756106096
otu_287	otu_245	0.760995473574481
otu_500	otu_48	-0.760945290973627
otu_154	otu_80	0.760936130287196
otu_703	otu_48	0.760908999438014
otu_284	otu_278	-0.760853546686369
otu_573	otu_286	0.760844022653504
otu_10	otu_1	0.760781612537633
otu_900	otu_5	-0.760699739077532
otu_345	otu_169	0.760556901271087
otu_97	otu_95	0.760545929100283
otu_417	otu_397	0.760518477812518
otu_640	otu_184	-0.760353703297793
otu_267	otu_154	-0.760333788275688
otu_346	otu_10	0.760268577862826
otu_643	otu_444	-0.760207212301301
otu_561	otu_29	-0.760183203744621
otu_643	otu_246	0.760173457504917
otu_462	otu_416	0.760161820487714
otu_357	otu_346	0.759670223157347
otu_653	otu_356	0.759610137090784
otu_357	otu_74	0.759599477826782
otu_447	otu_430	0.759516768184621
otu_588	otu_295	0.759418516058005
otu_357	otu_92	0.759274196103084
otu_898	otu_482	0.759221866023563
otu_344	otu_66	0.759142982282503
otu_892	otu_116	-0.758999901808472
otu_880	otu_816	0.758969255271202
otu_265	otu_237	0.758928707933316
otu_224	otu_184	-0.758817711375795
otu_764	otu_430	-0.758760011825878
otu_489	otu_154	0.758470538565483
otu_125	otu_97	0.758467987975456
otu_860	otu_337	-0.758350316689087
otu_896	otu_284	0.758330629273937
otu_209	otu_32	-0.75827499396197
otu_802	otu_337	-0.758058354417457
otu_881	otu_493	-0.758039826619219
otu_477	otu_139	0.758032353352206
otu_764	otu_533	0.75801920045169
otu_894	otu_751	-0.758014511556683
otu_869	otu_678	-0.757964422298467
otu_417	otu_193	0.757873979038689
otu_763	otu_39	0.757870995306401
otu_640	otu_39	0.75781853830323
otu_827	otu_444	-0.757791445027153
otu_841	otu_482	0.757688729441716
otu_500	otu_280	-0.757559434490706
otu_538	otu_350	0.75755395154585
otu_892	otu_10	-0.757521500275878
otu_759	otu_261	0.757468167155353
otu_270	otu_97	0.757339260945983
otu_493	otu_430	-0.757300535790519
otu_834	otu_209	0.756903777883757
otu_670	otu_538	0.756888043651803
otu_893	otu_891	0.756859293436695
otu_737	otu_148	0.756846624665962
otu_508	otu_209	-0.756840580501055
otu_763	otu_10	-0.756828529559486
otu_184	otu_121	0.756828431750324
otu_723	otu_198	0.756763439345192
otu_737	otu_526	0.756747527382837
otu_410	otu_74	0.756745847796599
otu_670	otu_265	0.756706835650613
otu_751	otu_337	-0.756585744896781
otu_92	otu_29	-0.756549615244638
otu_330	otu_115	-0.756484073911756
otu_508	otu_154	0.756417033803237
otu_561	otu_357	0.756389250492192
otu_753	otu_320	0.756177936279345
otu_295	otu_148	-0.756166040961473
otu_154	otu_90	-0.755990059718649
otu_359	otu_198	0.755903503000524
otu_359	otu_89	0.755872580457645
otu_764	otu_160	-0.755797111058284
otu_430	otu_350	0.755719728853005
otu_670	otu_154	-0.755644361872446
otu_869	otu_263	0.755500599752346
otu_263	otu_113	-0.755379689293471
otu_531	otu_246	-0.755375119482959
otu_860	otu_267	-0.755307241030441
otu_224	otu_32	-0.755193982199439
otu_827	otu_5	0.754814582645845
otu_561	otu_224	-0.754735016620901
otu_261	otu_113	0.75473498749946
otu_538	otu_330	0.754644623650007
otu_184	otu_139	0.754602708143003
otu_452	otu_232	0.754529964595461
otu_640	otu_202	0.754517005378359
otu_224	otu_39	0.754513645919423
otu_621	otu_506	0.754501569728099
otu_447	otu_92	-0.754327772388833
otu_267	otu_5	-0.754313264562203
otu_305	otu_215	0.754304544079235
otu_730	otu_5	0.754287686028066
otu_545	otu_482	0.754129921730787
otu_830	otu_640	-0.754120535140292
otu_735	otu_728	0.754074180647459
otu_896	otu_764	-0.754067409759376
otu_802	otu_39	-0.754061021921725
otu_827	otu_314	0.754006179509581
otu_357	otu_300	0.753970107944814
otu_898	otu_698	0.753867006801056
otu_278	otu_202	-0.753698332663592
otu_860	otu_318	-0.753685519369027
otu_327	otu_161	0.753650270380682
otu_808	otu_31	0.753440429353591
otu_764	otu_565	-0.753326004844583
otu_417	otu_295	0.753270053883112
otu_667	otu_183	0.753180318976876
otu_626	otu_230	-0.753123592618833
otu_851	otu_744	-0.753120074659332
otu_898	otu_759	0.753026995968285
otu_154	otu_116	0.75301731521511
otu_869	otu_267	-0.752986172990508
otu_896	otu_154	-0.752865081815691
otu_500	otu_5	-0.752776353813489
otu_327	otu_325	0.752731100075141
otu_808	otu_344	0.752599049192144
otu_314	otu_215	-0.752512335618617
otu_577	otu_234	0.752459738378216
otu_263	otu_54	0.752295372421479
otu_558	otu_350	-0.752245343763134
otu_421	otu_139	-0.752209534733899
otu_430	otu_202	0.752054830614411
otu_574	otu_421	-0.751829885276852
otu_288	otu_1	-0.75172356684536
otu_898	otu_14	0.751709770892684
otu_776	otu_415	0.751639451922576
otu_276	otu_237	0.751596688821188
otu_116	otu_113	-0.75133786334702
otu_327	otu_1	0.75112128937878
otu_851	otu_718	0.751121225777674
otu_370	otu_296	-0.751023364949021
otu_432	otu_198	0.750997672673275
otu_635	otu_628	0.750952813329248
otu_677	otu_559	0.750944009223751
otu_643	otu_254	0.750943392940585
otu_288	otu_161	-0.75085486387881
otu_499	otu_54	-0.750763540030231
otu_881	otu_764	-0.750717926802898
otu_357	otu_246	0.750541715320491
otu_312	otu_116	0.750481069197186
otu_744	otu_276	0.750404898943388
otu_860	otu_730	0.750210577812657
otu_267	otu_265	0.750181300020338
otu_489	otu_191	0.750081334785199
otu_370	otu_128	0.75004490089492
otu_588	otu_296	-0.750023193520042
otu_898	otu_869	-0.749976999789655
otu_609	otu_531	0.749898883062468
otu_609	otu_92	-0.749814916403526
otu_654	otu_209	0.749700625183237
otu_860	otu_160	-0.749587953580926
otu_885	otu_198	0.749238980098861
otu_678	otu_387	0.749072941679468
otu_209	otu_39	0.748972481698671
otu_754	otu_22	0.748702085868678
otu_574	otu_284	-0.748686313490472
otu_891	otu_841	-0.748682429261825
otu_139	otu_74	0.748626805430018
otu_520	otu_452	0.748525449127593
otu_759	otu_202	0.748495830942294
otu_881	otu_447	0.748486949495641
otu_698	otu_330	0.748445313169791
otu_201	otu_97	0.748401103941246
otu_744	otu_447	0.74838037283253
otu_843	otu_727	-0.748350955173322
otu_717	otu_250	0.748112959113879
otu_402	otu_3	0.748092681075821
otu_730	otu_31	0.74809207886211
otu_827	otu_191	0.747981592726673
otu_847	otu_462	-0.747930258035055
otu_574	otu_337	-0.747763495507846
otu_719	otu_327	0.747761367249836
otu_447	otu_387	0.747744436358356
otu_827	otu_655	0.747735944166254
otu_654	otu_561	-0.747713443457244
otu_538	otu_278	-0.74769174892963
otu_447	otu_346	-0.747609932505061
otu_869	otu_209	-0.747483216049063
otu_636	otu_325	0.7473796596793
otu_276	otu_90	0.747311068185488
otu_417	otu_296	-0.747256484099759
otu_565	otu_430	0.747189372512714
otu_855	otu_808	0.74716760467871
otu_698	otu_318	0.747076498300986
otu_629	otu_320	0.747058135355807
otu_314	otu_164	-0.747002573978335
otu_808	otu_493	0.74696691574201
otu_881	otu_202	0.746879286036048
otu_184	otu_92	0.746869973540722
otu_883	otu_851	0.746840050612061
otu_843	otu_31	-0.746743401657039
otu_337	otu_299	0.746702925855986
otu_192	otu_89	-0.746695570259329
otu_737	otu_176	-0.746634405474313
otu_410	otu_327	0.746561945669034
otu_284	otu_261	0.746554055792255
otu_176	otu_40	0.746516157875912
otu_892	otu_618	-0.746461846293218
otu_191	otu_80	0.746375524670221
otu_851	otu_670	-0.746279938953821
otu_730	otu_344	0.746088494632902
otu_325	otu_10	0.746085757873014
otu_276	otu_66	-0.745965559263899
otu_872	otu_246	-0.745756413498454
otu_181	otu_38	0.745713373797358
otu_894	otu_209	0.745585776053018
otu_447	otu_267	0.745538095169776
otu_198	otu_72	0.745502266038657
otu_421	otu_224	0.745459682870498
otu_531	otu_67	0.745358119258217
otu_609	otu_561	-0.745352102481868
otu_843	otu_801	-0.745328000669239
otu_587	otu_80	-0.745271407322436
otu_645	otu_559	0.745094244533923
otu_489	otu_113	-0.745090162391611
otu_782	otu_311	-0.744931398779079
otu_892	otu_802	-0.744927125594797
otu_851	otu_90	-0.744917753184634
otu_574	otu_191	0.744768640051232
otu_886	otu_100	-0.744734086731041
otu_860	otu_538	-0.744732484958173
otu_744	otu_489	-0.744643372107479
otu_748	otu_650	0.744615571402885
otu_777	otu_107	0.744508137246253
otu_287	otu_89	0.744482960637928
otu_731	otu_621	0.744469355815503
otu_202	otu_160	0.74441486369866
otu_759	otu_545	0.744351455630166
otu_855	otu_745	0.744345550687539
otu_580	otu_169	0.74428286548971
otu_718	otu_267	-0.744136045230983
otu_762	otu_352	0.744058669800954
otu_863	otu_318	-0.744041970938774
otu_670	otu_667	-0.743991942392605
otu_883	otu_267	-0.743909888357729
otu_477	otu_350	-0.743881522969241
otu_643	otu_215	-0.743819226349765
otu_327	otu_288	-0.743813861529212
otu_201	otu_32	0.74368937183108
otu_531	otu_278	-0.743685622319541
otu_538	otu_90	0.743599375092874
otu_477	otu_421	-0.74332708802703
otu_270	otu_32	0.743112087646604
otu_312	otu_296	-0.743041292250037
otu_350	otu_39	0.74291383083139
otu_489	otu_202	-0.742540280829314
otu_357	otu_261	-0.742538076758293
otu_531	otu_444	0.74253542461635
otu_609	otu_5	-0.742523699584092
otu_659	otu_77	0.742467779893084
otu_730	otu_276	-0.742445614099262
otu_730	otu_183	0.742435909484892
otu_636	otu_410	0.742434785581715
otu_797	otu_520	-0.742381178561065
otu_678	otu_209	0.74236496840628
otu_577	otu_386	0.742346555414454
otu_777	otu_67	0.74229579893325
otu_869	otu_14	-0.742175572226299
otu_744	otu_116	-0.742175286385526
otu_721	otu_589	-0.742087728308682
otu_497	otu_198	0.742074542200112
otu_477	otu_263	0.741987932823258
otu_745	otu_5	0.741981597227866
otu_891	otu_169	0.741967118683025
otu_830	otu_429	-0.74191452647329
otu_500	otu_284	0.741836154505638
otu_777	otu_314	-0.741827484895568
otu_154	otu_92	0.741691216017419
otu_499	otu_417	-0.741656404398519
otu_435	otu_295	0.741591644720313
otu_777	otu_444	0.741486757518686
otu_797	otu_541	0.741470445696019
otu_808	otu_12	0.741402609746558
otu_577	otu_9	0.741376650266317
otu_429	otu_32	-0.741330772152259
otu_827	otu_184	0.741160388817581
otu_891	otu_868	0.741092697594478
otu_643	otu_10	0.741091216935315
otu_863	otu_808	0.741067738467532
otu_782	otu_650	0.740944014074491
otu_794	otu_115	-0.740882133882155
otu_677	otu_198	0.740729194055378
otu_748	otu_311	-0.740725855689932
otu_622	otu_284	0.74060303577762
otu_562	otu_113	0.740582537541323
otu_447	otu_337	0.740576473604613
otu_566	otu_499	-0.740405605293374
otu_744	otu_609	0.74034805113708
otu_881	otu_209	0.740196640085499
otu_900	otu_789	0.74019339342884
otu_435	otu_40	0.74008502168609
otu_855	otu_827	0.740056041031318
otu_430	otu_184	-0.739976549460504
otu_357	otu_224	-0.739963488338625
otu_855	otu_730	0.739940316290888
otu_881	otu_261	0.739872883139388
otu_263	otu_184	0.739869567233907
otu_655	otu_327	0.739851768312348
otu_125	otu_32	0.739830770623647
otu_654	otu_16	0.739810869798377
otu_880	otu_439	0.73960083548587
otu_508	otu_312	0.739492056389883
otu_209	otu_160	0.739423468801214
otu_175	otu_97	0.73941161703486
otu_896	otu_346	-0.73935978214856
otu_191	otu_39	-0.739348736498127
otu_687	otu_561	0.739271693782848
otu_430	otu_209	0.739257208812512
otu_764	otu_284	-0.739212958193659
otu_667	otu_628	0.739170163228697
otu_217	otu_5	-0.739105201213654
otu_802	otu_350	-0.739060510432135
otu_518	otu_288	-0.73895212117422
otu_318	otu_12	-0.738940006933781
otu_808	otu_447	-0.738890218852223
otu_643	otu_447	-0.738840780309522
otu_343	otu_54	-0.738822790707218
otu_670	otu_589	0.738733570014312
otu_327	otu_121	0.738627141246697
otu_784	otu_2	0.738615919002729
otu_891	otu_543	-0.7384745958985
otu_489	otu_284	-0.738405981039102
otu_860	otu_667	0.73838218316906
otu_508	otu_113	-0.738375466004478
otu_734	otu_184	-0.738334767432855
otu_734	otu_124	0.738305085793744
otu_744	otu_80	-0.73828682209597
otu_727	otu_520	0.738277290660325
otu_592	otu_454	0.738223593572506
otu_744	otu_538	0.738218068903642
otu_816	otu_376	0.738154062417238
otu_827	otu_224	-0.738146241676018
otu_538	otu_237	0.73811370383976
otu_764	otu_39	-0.73806860474376
otu_192	otu_168	0.738061946993834
otu_202	otu_14	0.737990050027703
otu_759	otu_183	-0.737986194588684
otu_295	otu_206	-0.737980678579711
otu_246	otu_217	-0.737975014833631
otu_618	otu_574	0.73796095499641
otu_698	otu_489	-0.737945471966294
otu_312	otu_80	0.737937864383295
otu_654	otu_135	0.737916225083112
otu_826	otu_520	-0.737909569460237
otu_635	otu_263	0.737891730235612
otu_667	otu_90	-0.737882537624592
otu_879	otu_357	-0.737785186097518
otu_667	otu_87	0.737781535609832
otu_302	otu_198	0.737748481618719
otu_493	otu_160	-0.737730882250269
otu_775	otu_748	0.737694075890906
otu_435	otu_417	0.737679503287473
otu_261	otu_160	0.73750850766664
otu_892	otu_209	0.737454968997849
otu_439	otu_376	0.737430752877318
otu_565	otu_267	0.737217602860445
otu_184	otu_160	-0.737153264811126
otu_202	otu_80	-0.73713515121613
otu_410	otu_288	-0.737130732277538
otu_765	otu_499	0.737028389625642
otu_533	otu_275	0.736854341540405
otu_181	otu_53	0.736578501686385
otu_261	otu_224	0.73643286465243
otu_761	otu_31	0.736405864317951
otu_430	otu_261	0.736300011350375
otu_284	otu_118	0.736158976488226
otu_622	otu_5	-0.736144706078286
otu_896	otu_4	-0.736075286159352
otu_636	otu_518	0.73605640423871
otu_802	otu_678	-0.736023950759227
otu_830	otu_209	-0.735997321864592
otu_782	otu_775	0.735824514530027
otu_139	otu_10	0.735790432700105
otu_713	otu_135	-0.735724476606851
otu_855	otu_278	0.735686521510497
otu_764	otu_139	0.735621932980132
otu_327	otu_184	0.735393499072646
otu_654	otu_565	0.735338992540406
otu_670	otu_609	0.735288733931386
otu_588	otu_435	0.735283080007626
otu_499	otu_148	0.735210666080899
otu_823	otu_176	0.735189095064618
otu_350	otu_276	0.735141345337668
otu_330	otu_318	0.73508774385749
otu_834	otu_116	-0.735073867912923
otu_869	otu_763	-0.735054834779694
otu_447	otu_160	0.735024403342863
otu_640	otu_280	-0.734996017608913
otu_552	otu_127	-0.734972932628169
otu_245	otu_97	0.734851075285992
otu_784	otu_703	0.734837225671466
otu_892	otu_312	-0.734824116414592
otu_841	otu_759	0.734711531731258
otu_245	otu_32	0.734708277797778
otu_894	otu_670	0.734589100885735
otu_834	otu_306	-0.734570015353527
otu_370	otu_116	0.734508681694281
otu_813	otu_577	0.734337870926413
otu_687	otu_643	0.734259409256518
otu_224	otu_10	-0.73422759440956
otu_753	otu_325	0.734207037586261
otu_447	otu_183	-0.734182353108583
otu_561	otu_161	0.734101070256226
otu_764	otu_337	-0.734072901492914
otu_559	otu_72	0.734054879079974
otu_759	otu_139	-0.733994920945259
otu_834	otu_640	0.733952145645583
otu_561	otu_496	0.733935334103136
otu_894	otu_124	0.733907659273882
otu_636	otu_1	0.733706011985838
otu_113	otu_80	-0.733601419258983
otu_447	otu_306	-0.733579440035595
otu_588	otu_499	-0.733475188342906
otu_545	otu_54	-0.733470218808425
otu_738	otu_2	0.733425155735435
otu_841	otu_250	-0.733322441246839
otu_794	otu_306	-0.733284320083521
otu_751	otu_533	0.733244422132946
otu_894	otu_90	0.733244057534988
otu_435	otu_148	-0.73302018860456
otu_872	otu_215	0.733002354913259
otu_643	otu_357	0.73296400566017
otu_896	otu_306	-0.732926626862445
otu_280	otu_201	0.732829445480046
otu_830	otu_224	-0.732751356087234
otu_660	otu_541	0.732705981833719
otu_346	otu_202	-0.732672961697104
otu_482	otu_139	-0.732599010070936
otu_763	otu_508	-0.732512372162169
otu_116	otu_90	-0.732497822781745
otu_435	otu_54	0.732432991372896
otu_295	otu_40	0.732410382034124
otu_327	otu_10	0.732319758691434
otu_482	otu_202	0.732233653994174
otu_892	otu_508	-0.732233487645628
otu_609	otu_66	-0.732166116070021
otu_559	otu_497	0.732159672534995
otu_759	otu_14	0.732083860193089
otu_346	otu_254	0.732057914089667
otu_776	otu_406	0.732021081051662
otu_654	otu_224	0.731993154736412
otu_673	otu_415	0.731909540333055
otu_654	otu_67	0.731899000698157
otu_489	otu_90	-0.731836248327808
otu_655	otu_215	-0.73183203103964
otu_894	otu_493	-0.731819541532259
otu_660	otu_520	-0.731699249278785
otu_751	otu_545	-0.731676592877887
otu_545	otu_462	0.731647955735443
otu_561	otu_1	0.731577856024112
otu_670	otu_67	0.731523318611461
otu_577	otu_539	0.731502961124378
otu_827	otu_802	0.731490185679241
otu_559	otu_432	0.731468662294042
otu_482	otu_183	-0.731375538217677
otu_549	otu_316	-0.731336731508724
otu_894	otu_350	0.731283098198554
otu_636	otu_161	0.731260829213248
otu_276	otu_12	-0.731218379158089
otu_678	otu_533	-0.731217645855911
otu_496	otu_254	0.731112262743839
otu_618	otu_396	0.73109862971548
otu_421	otu_80	-0.731096475653366
otu_217	otu_29	0.731062245642096
otu_782	otu_250	-0.731047584670101
otu_834	otu_489	-0.730987266134185
otu_314	otu_4	0.730958967025122
otu_670	otu_444	0.73095883938964
otu_636	otu_254	0.73089622987795
otu_763	otu_116	-0.730866077159321
otu_357	otu_5	0.730862633194902
otu_430	otu_299	0.730810653982221
otu_881	otu_184	-0.730753528408857
otu_430	otu_267	0.730748245904271
otu_860	otu_447	-0.730739266890648
otu_654	otu_444	0.730634833925978
otu_489	otu_237	-0.730600272547992
otu_533	otu_343	-0.730544401191412
otu_533	otu_296	-0.730537543517709
otu_337	otu_202	0.730488024048831
otu_209	otu_154	-0.730466782116392
otu_827	otu_330	-0.730425883114258
otu_587	otu_574	-0.730413890889073
otu_388	otu_16	-0.730395988075146
otu_438	otu_31	-0.730334106359334
otu_562	otu_95	0.730274650277271
otu_761	otu_344	0.730105964464872
otu_284	otu_202	0.73009291906495
otu_805	otu_550	0.730060794386927
otu_280	otu_270	0.73000807786403
otu_447	otu_318	0.729989456023156
otu_149	otu_53	0.729971840409986
otu_827	otu_640	-0.729962968837612
otu_66	otu_31	0.7299602131834
otu_388	otu_359	0.729952584388737
otu_316	otu_71	0.72994216243979
otu_90	otu_67	0.729938174813285
otu_883	otu_246	0.729840104608175
otu_894	otu_640	0.729741368700302
otu_875	otu_797	-0.72971311783511
otu_789	otu_306	-0.729599286721826
otu_444	otu_90	0.729529642399552
otu_628	otu_337	-0.729509773421371
otu_900	otu_666	0.729478672357775
otu_237	otu_116	-0.729476392102038
otu_751	otu_678	-0.729460378352058
otu_318	otu_312	-0.729441880754575
otu_802	otu_118	-0.729420394524934
otu_869	otu_493	0.729397411931604
otu_489	otu_421	-0.729320232424107
otu_237	otu_154	-0.72927313851171
otu_654	otu_278	-0.729240968015018
otu_280	otu_209	-0.729234931633594
otu_744	otu_508	-0.729204090662402
otu_841	otu_32	-0.729191649022331
otu_314	otu_67	-0.729170521303879
otu_881	otu_565	0.729127477542078
otu_896	otu_643	-0.728919674989792
otu_678	otu_574	-0.728862983075627
otu_206	otu_54	-0.728856619525242
otu_184	otu_113	-0.728803747951129
otu_357	otu_278	0.72864192804906
otu_848	otu_454	-0.728552887065125
otu_851	otu_297	0.728489116009966
otu_90	otu_80	-0.728458644901468
otu_834	otu_115	-0.728441706468383
otu_875	otu_316	0.728409482329772
otu_855	otu_773	0.728385099939507
otu_609	otu_278	-0.728351364502031
otu_574	otu_124	-0.728340573362949
otu_678	otu_261	0.728282919169094
otu_851	otu_667	0.72824268613079
otu_773	otu_306	0.728206629472967
otu_894	otu_477	-0.728201269476412
otu_731	otu_288	0.728200474290723
otu_655	otu_202	-0.728144511553688
otu_267	otu_29	0.728104330952433
otu_827	otu_764	0.728074926867648
otu_318	otu_299	0.728068535760085
otu_201	otu_48	0.728055420358039
otu_884	otu_454	-0.728017345009007
otu_869	otu_346	0.728004365090173
otu_773	otu_346	0.727976440404189
otu_608	otu_77	-0.727957276262488
otu_687	otu_346	0.727898956189353
otu_670	otu_202	0.727869092711327
otu_698	otu_116	-0.727824965627055
otu_149	otu_38	0.727799513639243
otu_565	otu_14	0.727786575824923
otu_482	otu_206	0.727778159980136
otu_565	otu_489	-0.72771616165727
otu_545	otu_14	0.727674128960448
otu_670	otu_489	-0.727646930184685
otu_520	otu_493	0.727502716782478
otu_531	otu_5	-0.727473551139116
otu_589	otu_90	0.727352364336515
otu_753	otu_719	0.727345871081244
otu_751	otu_574	0.727302137782211
otu_717	otu_305	0.727235462743824
otu_748	otu_250	-0.727234280382523
otu_91	otu_77	-0.727208312652484
otu_773	otu_115	0.727159576836301
otu_894	otu_183	-0.727142188347491
otu_863	otu_276	-0.727033080925978
otu_753	otu_121	0.726997923875755
otu_670	otu_116	-0.726930124518147
otu_773	otu_676	0.726913229662594
otu_565	otu_160	0.726896551298337
otu_270	otu_48	0.72688800017828
otu_306	otu_92	0.726878790174997
otu_482	otu_14	0.726846480717255
otu_206	otu_160	0.726835631090569
otu_668	otu_95	0.72677731843354
otu_841	otu_830	-0.726753374604341
otu_794	otu_164	0.726655723153109
otu_337	otu_206	0.726625582611888
otu_862	otu_454	-0.72656927796846
otu_489	otu_312	0.726459143635168
otu_280	otu_125	0.726452403088864
otu_435	otu_296	-0.726444114978617
otu_580	otu_19	0.726412050038393
otu_350	otu_284	0.726207356466859
otu_643	otu_202	-0.726206834260327
otu_477	otu_118	-0.72619986733995
otu_885	otu_559	0.726168192896854
otu_869	otu_357	0.726146306889963
otu_161	otu_92	0.726093376641173
otu_731	otu_518	-0.726002975470066
otu_209	otu_139	-0.725892074974391
otu_284	otu_29	0.725801346020967
otu_337	otu_261	0.725726690352893
otu_508	otu_275	0.725717041725769
otu_444	otu_314	-0.725520090630448
otu_237	otu_80	-0.725498601162944
otu_477	otu_184	0.725338662340081
otu_667	otu_545	-0.725327469078764
otu_284	otu_154	-0.725266747127864
otu_89	otu_69	-0.725266203060684
otu_306	otu_5	0.725234996138153
otu_654	otu_92	-0.725187611911222
otu_636	otu_402	-0.725053715856774
otu_508	otu_447	-0.725046229306587
otu_284	otu_80	-0.72503782659792
otu_827	otu_74	0.724994766148363
otu_506	otu_296	0.724964674205449
otu_383	otu_53	0.724794084215914
otu_409	otu_9	0.724779373318829
otu_847	otu_160	-0.724776751800679
otu_512	otu_346	0.724688018541094
otu_447	otu_237	0.724662306608179
otu_566	otu_230	-0.724634603961342
otu_698	otu_80	-0.724309931764946
otu_311	otu_208	-0.724245336948511
otu_763	otu_280	-0.724140682274473
otu_863	otu_54	0.724122541627527
otu_512	otu_306	0.724118945659566
otu_808	otu_512	0.724082709037693
otu_337	otu_12	-0.724080263150634
otu_640	otu_116	-0.724051651433316
otu_744	otu_202	0.724012761466266
otu_512	otu_66	0.723994111735945
otu_549	otu_46	0.723931660960428
otu_789	otu_154	-0.723907470035379
otu_640	otu_447	0.723903703476595
otu_879	otu_834	0.723887488962076
otu_237	otu_67	0.723864474818583
otu_730	otu_512	0.723853671412084
otu_609	otu_90	0.723845734503671
otu_125	otu_48	0.723827788776797
otu_337	otu_209	0.72374541519195
otu_802	otu_103	-0.723659462608452
otu_565	otu_80	-0.723594546956965
otu_318	otu_206	0.723584805091498
otu_655	otu_314	0.723570656603078
otu_350	otu_183	-0.723498771398527
otu_447	otu_184	-0.723486744761429
otu_855	otu_512	0.723432836369559
otu_496	otu_46	0.723312826052878
otu_100	otu_89	0.723233466805138
otu_587	otu_160	0.7231965069811
otu_892	otu_640	0.723193282947849
otu_430	otu_206	0.723162175134062
otu_841	otu_316	-0.723108115782857
otu_512	otu_115	0.723068284893821
otu_508	otu_40	0.72305683152683
otu_827	otu_261	-0.723044414438077
otu_834	otu_154	-0.723038763341088
otu_894	otu_744	0.723018778143474
otu_718	otu_246	0.72298103635325
otu_670	otu_80	-0.72291604383086
otu_417	otu_40	0.722864769399716
otu_888	otu_559	-0.722864339737117
otu_135	otu_118	0.72281999507556
otu_894	otu_237	0.722796833929253
otu_698	otu_508	-0.72271474016194
otu_499	otu_296	0.722714387055765
otu_202	otu_90	0.722680045896788
otu_609	otu_246	-0.722657318951164
otu_640	otu_48	-0.722574273203698
otu_531	otu_284	0.722514249693853
otu_661	otu_53	0.722486289779564
otu_881	otu_206	0.722300993564383
otu_588	otu_40	0.722195298469462
otu_869	otu_261	-0.722168496987084
otu_71	otu_48	0.72213991660075
otu_848	otu_667	0.722118556110322
otu_92	otu_1	0.722043594571709
otu_217	otu_67	0.722033447071905
otu_676	otu_512	0.721888657497699
otu_561	otu_209	-0.721800253628307
otu_543	otu_320	0.721724475289294
otu_640	otu_508	-0.721549478951963
otu_869	otu_545	-0.72151316537376
otu_892	otu_295	-0.721505404173498
otu_538	otu_493	-0.721463961607337
otu_500	otu_350	0.721450574258064
otu_207	otu_68	0.721428283308765
otu_763	otu_654	0.721403216298819
otu_863	otu_337	-0.721371680378679
otu_667	otu_299	-0.721324494771997
otu_415	otu_190	0.721318275381738
otu_148	otu_139	-0.721175949193852
otu_444	otu_217	0.72080923524201
otu_748	otu_626	0.720774397435028
otu_280	otu_71	0.720592799469394
otu_896	otu_763	0.72057529197237
otu_482	otu_479	0.720539190476906
otu_609	otu_314	-0.720467493688433
otu_566	otu_286	-0.720458890714043
otu_224	otu_74	-0.720458480813865
otu_587	otu_430	0.720448049065075
otu_869	otu_29	-0.720296403348649
otu_805	otu_311	0.720277580438516
otu_721	otu_32	0.72024721707574
otu_894	otu_184	-0.720137244083633
otu_827	otu_574	0.720133720344266
otu_327	otu_4	0.720072417918118
otu_764	otu_421	-0.720066679686728
otu_761	otu_330	-0.7199820771578
otu_660	otu_343	0.719969745775973
otu_489	otu_330	-0.719965626855325
otu_898	otu_316	-0.71995361276321
otu_670	otu_66	-0.719913537427084
otu_577	otu_67	0.71988717774722
otu_387	otu_267	0.719852158964049
otu_447	otu_115	-0.719822048934893
otu_589	otu_237	0.719799757124784
otu_388	otu_46	0.719794735751214
otu_444	otu_237	0.719611129601745
otu_678	otu_500	0.719513021568019
otu_883	otu_783	-0.719409715135103
otu_209	otu_48	-0.719286650208733
otu_797	otu_343	0.719273895218278
otu_306	otu_284	-0.719240579494241
otu_872	otu_67	0.71917441536758
otu_738	otu_232	0.719131633083603
otu_885	otu_723	0.719131151195701
otu_263	otu_10	0.719121307758639
otu_589	otu_14	0.719086850334277
otu_506	otu_139	-0.719063671809673
otu_782	otu_626	0.719018487262803
otu_626	otu_566	0.718934285887489
otu_881	otu_763	0.718908741048611
otu_745	otu_346	0.718865255617412
otu_183	otu_66	0.718796399958676
otu_184	otu_124	-0.718763439008797
otu_869	otu_306	0.718757485605042
otu_881	otu_587	0.718671300695935
otu_881	otu_462	0.718569873392939
otu_574	otu_103	-0.718515656363283
otu_773	otu_643	0.718411180956344
otu_589	otu_350	0.718377232806867
otu_346	otu_215	-0.71833663367526
otu_827	otu_300	0.71826567539386
otu_435	otu_176	0.718228269318143
otu_447	otu_116	-0.718219384946305
otu_860	otu_609	-0.718200430127558
otu_896	otu_115	-0.718198719545329
otu_892	otu_80	-0.718153059245569
otu_892	otu_489	-0.718056418602404
otu_872	otu_444	0.718049555043663
otu_175	otu_32	0.718021753168721
otu_183	otu_154	0.718017016796342
otu_855	otu_306	0.717862113547104
otu_92	otu_4	0.717829829580493
otu_881	otu_267	0.71770043935183
otu_532	otu_285	0.717662712787339
otu_346	otu_92	0.71763675670668
otu_881	otu_847	-0.717625517380179
otu_841	otu_580	-0.717586910688819
otu_759	otu_558	-0.717461163203971
otu_622	otu_350	0.717168972210967
otu_713	otu_562	-0.717148908293438
otu_653	otu_138	0.717126919590753
otu_265	otu_183	-0.717116122526439
otu_834	otu_80	-0.717066786638411
otu_640	otu_139	-0.717033387042175
otu_622	otu_103	0.71702234757234
otu_802	otu_92	0.716959612266644
otu_703	otu_32	0.716913236417127
otu_737	otu_643	-0.716871396681701
otu_14	otu_12	-0.716831699081063
otu_191	otu_92	0.716828557830263
otu_745	otu_643	0.716782156237676
otu_777	otu_5	-0.716774681340173
otu_209	otu_74	-0.716747615739942
otu_116	otu_54	0.716713732577475
otu_479	otu_71	-0.716687898145431
otu_508	otu_90	-0.716510836310727
otu_763	otu_160	0.716421962400561
otu_346	otu_267	-0.716413682134536
otu_687	otu_609	-0.716278171938918
otu_818	otu_181	0.716276524479612
otu_574	otu_224	-0.716257252978027
otu_421	otu_337	0.716246592227935
otu_764	otu_561	0.716148763064823
otu_759	otu_206	0.715989812172666
otu_734	otu_207	0.71587632352864
otu_868	otu_543	-0.715723210008895
otu_881	otu_628	-0.715639607536896
otu_643	otu_512	0.715432999198234
otu_743	otu_642	0.715428169541092
otu_727	otu_438	-0.715341734169363
otu_869	otu_643	0.715338351656788
otu_763	otu_561	-0.715331225631213
otu_508	otu_237	-0.715206634500352
otu_881	otu_299	0.715206178453869
otu_477	otu_10	0.715199460201024
otu_783	otu_346	-0.715186299950349
otu_587	otu_337	0.715145273891088
otu_834	otu_184	-0.715134295585501
otu_789	otu_500	0.715030700586109
otu_881	otu_12	-0.714999069781367
otu_745	otu_4	0.714981009486409
otu_666	otu_438	0.714969201639968
otu_383	otu_292	0.714845746832028
otu_670	otu_628	-0.714762533446589
otu_869	otu_318	-0.714705949591494
otu_894	otu_763	0.71470550666402
otu_410	otu_46	0.714587352285843
otu_66	otu_5	0.714532645784774
otu_588	otu_79	0.714525164464458
otu_232	otu_71	0.714445548850568
otu_286	otu_54	-0.714315820540326
otu_737	otu_314	-0.714282014526872
otu_254	otu_115	0.714249335856373
otu_421	otu_160	0.714203425473661
otu_533	otu_477	0.714032607208287
otu_500	otu_209	0.714024945457515
otu_477	otu_357	0.71397256379301
otu_54	otu_12	0.713928859491693
otu_830	otu_721	0.71391967081814
otu_730	otu_628	0.713888462085504
otu_734	otu_10	-0.713872473680859
otu_894	otu_139	-0.713869006872034
otu_775	otu_523	0.71386754339964
otu_430	otu_154	-0.713846898867512
otu_508	otu_370	0.713821577407746
otu_723	otu_245	0.713764464205977
otu_659	otu_402	0.713724597834181
otu_479	otu_139	-0.713719974281348
otu_345	otu_239	0.713698961143891
otu_318	otu_263	-0.713670000811956
otu_737	otu_286	0.713661063318678
otu_397	otu_275	0.713620204106592
otu_881	otu_863	-0.713566067136163
otu_320	otu_74	0.713514898406722
otu_508	otu_421	-0.713466309659053
otu_574	otu_295	0.713462314354865
otu_862	otu_667	0.713274710445514
otu_847	otu_489	0.713258038471847
otu_678	otu_531	0.713231380441903
otu_541	otu_520	-0.713208035096702
otu_826	otu_330	0.713172165216501
otu_635	otu_318	-0.713110866801388
otu_661	otu_292	0.713109191954457
otu_430	otu_12	-0.713087743437743
otu_520	otu_12	0.713083581609398
otu_863	otu_520	0.713051253757639
otu_447	otu_66	-0.713043185675449
otu_558	otu_538	-0.71301062473072
otu_588	otu_239	-0.712889509121099
otu_834	otu_508	-0.712862529430815
otu_462	otu_160	0.712700004349625
otu_343	otu_318	0.712689276840527
otu_322	otu_181	0.712563390792731
otu_738	otu_402	0.712555790828345
otu_737	otu_346	-0.712541782433889
otu_417	otu_239	-0.712444785373496
otu_763	otu_48	-0.712396097641829
otu_302	otu_39	-0.712341204637658
otu_875	otu_660	-0.712248816941676
otu_617	otu_438	-0.712227166620071
otu_320	otu_300	0.712223604699044
otu_670	otu_508	-0.712214189238316
otu_783	otu_306	-0.712211203201498
otu_139	otu_40	0.712202103101358
otu_325	otu_184	0.712197934550349
otu_678	otu_444	0.712179667916492
otu_745	otu_655	0.712085800256982
otu_500	otu_118	0.712066413342633
otu_881	otu_421	0.71200072263318
otu_678	otu_67	0.711992146867207
otu_763	otu_430	0.711934657115438
otu_357	otu_29	-0.711913239831901
otu_808	otu_773	0.71186720465968
otu_655	otu_531	-0.711861071398432
otu_773	otu_154	0.711807684267485
otu_261	otu_217	0.711783273983773
otu_115	otu_92	0.711744188529587
otu_863	otu_430	-0.711718098935068
otu_734	otu_161	-0.711693756268354
otu_808	otu_276	-0.71166549298488
otu_275	otu_193	0.711561022508106
otu_116	otu_40	0.711432198728277
otu_830	otu_703	0.711360324833037
otu_896	otu_730	-0.711321124327962
otu_797	otu_479	0.711276188266306
otu_677	otu_558	0.711260778259412
otu_558	otu_482	-0.71125685486614
otu_898	otu_54	-0.711256155949187
otu_783	otu_154	-0.711221626683178
otu_628	otu_430	-0.711194066796196
otu_330	otu_116	-0.711150056839646
otu_871	otu_46	0.711134881137436
otu_512	otu_154	0.711124223868452
otu_337	otu_184	-0.710988162455721
otu_493	otu_447	-0.710923530927962
otu_300	otu_139	0.710906814919297
otu_673	otu_406	0.710829677213427
otu_275	otu_116	0.710763548397863
otu_801	otu_541	-0.710747748418747
otu_698	otu_90	0.710687529170146
otu_898	otu_154	-0.710675302548281
otu_508	otu_92	0.710659865912978
otu_508	otu_54	0.710639447848069
otu_759	otu_447	0.710437524212535
otu_834	otu_763	0.710429684926886
otu_698	otu_430	0.710399890756175
otu_827	otu_678	-0.710388190116958
otu_872	otu_5	-0.710280602625472
otu_587	otu_284	0.710272260044268
otu_539	otu_409	0.710200641666882
otu_115	otu_5	0.71019773753223
otu_118	otu_32	-0.710183063325065
otu_773	otu_730	0.710155640351605
otu_306	otu_267	-0.709987369169775
otu_869	otu_538	-0.709979150483685
otu_462	otu_276	0.70995129909598
otu_628	otu_148	-0.709949239721889
otu_783	otu_718	-0.709910436323769
otu_343	otu_316	-0.709855323385306
otu_621	otu_68	0.709774650335345
otu_698	otu_265	0.709765612007984
otu_713	otu_29	-0.709705880153076
otu_891	otu_629	-0.709691591199803
otu_275	otu_206	-0.709659686722293
otu_789	otu_115	-0.70965276700793
otu_823	otu_305	-0.709600153641159
otu_745	otu_444	-0.709489942813965
otu_609	otu_284	0.709345661026642
otu_765	otu_738	0.709298667746894
otu_783	otu_643	-0.709194347480794
otu_898	otu_533	-0.709160313549093
otu_558	otu_14	-0.709132595113447
otu_409	otu_67	0.709122932940209
otu_773	otu_66	0.709109475783919
otu_783	otu_115	-0.708967607963286
otu_847	otu_337	-0.708893073229314
otu_655	otu_447	-0.708815959360056
otu_764	otu_154	0.708743446411351
otu_280	otu_245	0.708567216839305
otu_698	otu_670	0.708512375340975
otu_719	otu_561	0.708473704837272
otu_654	otu_202	0.708356013783577
otu_730	otu_670	-0.708272402882203
otu_762	otu_621	0.70820605050395
otu_843	otu_462	0.708149488209988
otu_723	otu_559	0.708089350646036
otu_296	otu_80	-0.707837297478543
otu_493	otu_54	0.707798598342976
otu_654	otu_477	-0.707794060162861
otu_863	otu_14	-0.707700555016063
otu_330	otu_80	-0.707533867407872
otu_622	otu_209	0.707512568225556
otu_719	otu_92	0.707505150410561
otu_751	otu_54	0.707369010609584
otu_875	otu_727	0.707344026834045
otu_306	otu_202	-0.707309354905554
otu_678	otu_103	0.707286171779131
otu_183	otu_148	-0.707282503941461
otu_618	otu_113	-0.707238591128172
otu_124	otu_3	0.707230813631393
otu_352	otu_68	0.707210558085881
otu_898	otu_751	-0.707104020345888
otu_794	otu_346	-0.707063702956855
otu_628	otu_90	-0.706981918004652
otu_299	otu_160	0.706969894858705
otu_841	otu_48	-0.706896552794971
otu_826	otu_801	-0.706866371860579
otu_118	otu_29	0.706865811783025
otu_801	otu_520	0.706824264650461
otu_296	otu_261	0.706771123188002
otu_855	otu_357	0.706741845731721
otu_621	otu_329	0.706731003907107
otu_753	otu_561	0.70668868095303
otu_157	otu_142	-0.706684457462673
otu_850	otu_142	-0.706681773993903
otu_783	otu_29	0.706647742372001
otu_295	otu_3	-0.706619043129581
otu_898	otu_802	-0.706564941244383
otu_883	otu_29	-0.706478294161683
otu_496	otu_4	0.706426797460599
otu_587	otu_421	0.706425512256173
otu_860	otu_265	-0.706388747173767
otu_124	otu_10	-0.706334735899454
otu_847	otu_80	0.706313731268996
otu_103	otu_10	-0.706228092332449
otu_759	otu_479	0.70619713469012
otu_892	otu_635	-0.706184212872163
otu_477	otu_32	0.706151792127814
otu_280	otu_175	0.706138337962382
otu_263	otu_217	-0.706137117294174
otu_477	otu_261	-0.706135595261394
otu_589	otu_545	0.706060609615831
otu_687	otu_306	0.705995894967319
otu_655	otu_246	0.705947710968719
otu_518	otu_161	0.705926722300342
otu_154	otu_29	-0.705904826998778
otu_622	otu_118	0.705749176765358
otu_462	otu_337	0.705702916766565
otu_759	otu_118	0.705696686517725
otu_284	otu_32	-0.705605646313465
otu_587	otu_302	-0.70549697674382
otu_869	otu_115	0.705480037445596
otu_898	otu_267	0.705360050964798
otu_643	otu_327	0.705342711677681
otu_829	otu_215	-0.705242941497114
otu_406	otu_190	0.705239866858206
otu_714	otu_626	0.705207441665705
otu_284	otu_103	0.705149422027742
otu_452	otu_402	0.705068198517647
otu_237	otu_202	0.705047655309208
otu_330	otu_14	0.704879911447764
otu_489	otu_370	0.704802278913438
otu_508	otu_330	-0.704784709809118
otu_814	otu_181	0.704781473778625
otu_759	otu_670	0.70477060121754
otu_742	otu_142	-0.704681855453104
otu_730	otu_154	0.704649955415984
otu_397	otu_79	0.704630785490525
otu_660	otu_479	0.704593636174649
otu_482	otu_447	0.704505634891831
otu_181	otu_119	0.704425613349748
otu_763	otu_154	-0.704411632595608
otu_327	otu_92	0.704305580937262
otu_721	otu_350	-0.704292936401399
otu_154	otu_5	0.704216355978969
otu_493	otu_267	-0.704191457936519
otu_855	otu_115	0.704139023270078
otu_730	otu_444	-0.704116812616296
otu_643	otu_267	-0.704080248812408
otu_250	otu_232	0.704077856847497
otu_762	otu_573	0.704054736505524
otu_135	otu_92	-0.704013861020609
otu_761	otu_447	-0.703989962825136
otu_430	otu_421	0.70396515447608
otu_892	otu_526	0.703918383172911
otu_444	otu_66	-0.703824715993805
otu_609	otu_215	0.703792386718098
otu_267	otu_164	0.703773701582799
otu_640	otu_74	-0.703772107481273
otu_643	otu_92	0.703750908415287
otu_175	otu_48	0.703711810976693
otu_489	otu_39	-0.703627642280131
otu_834	otu_113	0.703585157376264
otu_743	otu_444	-0.703584725993863
otu_202	otu_184	-0.703397682021086
otu_499	otu_318	0.703386461431779
otu_763	otu_337	0.703377942654961
otu_566	otu_54	0.703285432989739
otu_329	otu_207	0.703076213731171
otu_193	otu_79	0.702994546696875
otu_789	otu_330	0.702955408100846
otu_808	otu_444	-0.702950264472341
otu_745	otu_306	0.702934243874073
otu_759	otu_237	0.702912902703244
otu_352	otu_329	0.702814002931771
otu_744	otu_346	-0.702705897455569
otu_504	otu_358	0.702607207259616
otu_860	otu_80	0.702601011778004
otu_687	otu_115	0.702555403084978
otu_628	otu_237	-0.70247250290557
otu_841	otu_280	-0.702451448851967
otu_417	otu_79	0.702387208292128
otu_677	otu_532	-0.702374127921352
otu_759	otu_493	-0.702313303700532
otu_881	otu_154	-0.702286575359462
otu_609	otu_224	0.702265951763331
otu_743	otu_67	-0.702191563933634
otu_574	otu_154	0.702136967015965
otu_802	otu_154	0.702075544377877
otu_245	otu_48	0.702074685418483
otu_896	otu_489	-0.702051584211993
otu_734	otu_1	-0.702035414902921
otu_730	otu_67	-0.701976439469594
otu_421	otu_284	0.701958673703478
otu_560	otu_113	-0.701947456028919
otu_793	otu_386	-0.701935378675898
otu_763	otu_74	-0.701919635816247
otu_860	otu_489	0.70183494690994
otu_650	otu_250	-0.701820220069106
otu_118	otu_103	0.701787190617417
otu_208	otu_4	0.701760202821615
otu_318	otu_276	0.70175482655698
otu_759	otu_90	0.701691306519452
otu_611	otu_288	0.701668105305783
otu_789	otu_622	0.701603274631799
otu_677	otu_2	0.701547721835874
otu_734	otu_327	-0.70144001583661
otu_678	otu_622	0.701401153076235
otu_561	otu_121	0.701395482166247
otu_209	otu_135	0.701363814863871
otu_794	otu_643	-0.701312290038454
otu_493	otu_312	0.701280559588765
otu_759	otu_184	-0.701278335222755
otu_759	otu_744	0.70124851613806
otu_574	otu_183	0.701216425220497
otu_479	otu_416	0.701209754349116
otu_701	otu_142	-0.701174028956426
otu_628	otu_508	0.701155841594387
otu_626	otu_536	-0.701150884659001
otu_759	otu_565	0.701130253282768
otu_761	otu_278	0.701090412698069
otu_67	otu_66	-0.700972086637477
otu_678	otu_202	0.700891956257189
otu_609	otu_237	0.700878783289496
otu_863	otu_635	0.700717774185103
otu_224	otu_154	-0.700703334405932
otu_539	otu_343	0.700683181578128
otu_808	otu_67	-0.7006474896185
otu_745	otu_67	-0.700638460845119
otu_827	otu_4	0.700615527471828
otu_789	otu_66	-0.700588693641103
otu_421	otu_116	-0.700522305459451
otu_479	otu_316	-0.700482423971231
otu_718	otu_29	-0.700437803179148
otu_538	otu_209	0.700358750861513
otu_754	otu_653	0.700310271956656
otu_506	otu_295	-0.700265596034555
otu_655	otu_74	0.70025866391945
otu_227	otu_89	0.700215475992817
otu_306	otu_254	0.700104176095593
otu_745	otu_115	0.700030364645188
